DATE,UNRATE,AHETPI,PERMIT,CSCICP03USM665S,AAA10Y,M2REAL,CPIAUCSL,FEDFUNDS,PAYEMS,PCE,GS10,T10Y2Y,DGS10,CPILFESL,HOUST,WPSFD49207,GS1,DSPIC96,INDPRO,CPIAUCSL,IC4WSA,IPMAN,WM2NS,0
1984-01-01,8.0,8.38,1816.0,101.3788,,2094.2,102.1,9.56,92673.0,2419.4,11.67,,,102.5,1897.0,103.0,9.9,5851.3,53.0088,102.1,,48.5811,,0.0
1984-02-01,7.8,8.38,1987.0,101.5106,0.35,2103.5,102.6,9.59,93157.0,2403.5,11.84,1.08,11.64,102.8,2260.0,103.4,10.04,5884.8,53.2486,102.6,,49.1102,,0.0
1984-03-01,7.8,8.41,1725.0,101.5403,0.27,2113.9,102.9,9.91,93429.0,2431.6,12.32,1.02,12.07,103.2,1663.0,103.8,10.59,5922.6,53.5028,102.9,,49.3252,,0.0
1984-04-01,7.7,8.45,1776.0,101.4181,,2121.7,103.3,10.29,93792.0,2457.5,12.63,,,103.7,1851.0,103.9,10.9,5962.5,53.8233,103.3,,49.5755,,0.0
1984-05-01,7.4,8.45,1741.0,101.3399,0.18,2129.6,103.5,10.32,94098.0,2474.5,13.41,0.94,12.82,104.1,1774.0,103.8,11.66,5971.0,54.1104,103.5,,49.7244,,0.0
1984-06-01,7.2,8.48,1814.0,101.2913,-0.08,2136.1,103.7,11.06,94479.0,2495.6,13.56,0.91,13.63,104.5,1843.0,103.8,12.08,6010.3,54.3075,103.7,,49.9565,,0.0
1984-07-01,7.5,8.51,1605.0,101.3624,,2135.9,104.1,11.23,94789.0,2494.6,13.36,,,105.0,1732.0,104.0,12.03,6017.6,54.4587,104.1,,50.166,,0.0
1984-08-01,7.5,8.51,1530.0,101.4888,0.23,2136.4,104.4,11.64,95032.0,2512.2,12.72,0.33,12.81,105.4,1586.0,103.8,11.82,6058.5,54.5239,104.4,,50.2564,,0.0
1984-09-01,7.3,8.55,1523.0,101.5114,,2143.6,104.7,11.3,95344.0,2533.8,12.52,,,105.8,1698.0,103.8,11.58,6101.7,54.3696,104.7,390250.0,50.0675,,0.0
1984-10-01,7.4,8.55,1490.0,101.3439,0.09,2149.3,105.1,9.99,95629.0,2531.3,12.16,0.45,12.54,106.2,1590.0,103.6,10.9,6079.2,54.3474,105.1,,50.3293,2243.1,0.0
1984-11-01,7.2,8.57,1643.0,101.1624,0.77,2166.6,105.3,9.43,95982.0,2571.4,11.57,0.73,11.66,106.4,1689.0,104.0,9.82,6105.7,54.529,105.3,,50.4648,,0.0
1984-12-01,7.3,8.61,1626.0,101.0312,,2186.2,105.5,8.38,96107.0,2582.6,11.5,,,106.8,1612.0,104.0,9.33,6143.3,54.5556,105.5,401500.0,50.6086,,0.0
1985-01-01,7.3,8.61,1660.0,101.0129,,2206.6,105.7,8.35,96372.0,2618.8,11.38,,,107.1,1711.0,104.0,9.02,6141.6,54.527,105.7,,50.4756,,0.0
1985-02-01,7.2,8.64,1662.0,100.9701,0.6,2214.6,106.3,8.5,96503.0,2640.8,11.51,1.25,11.29,107.7,1632.0,104.1,9.29,6085.2,54.6871,106.3,,50.2496,,0.0
1985-03-01,7.2,8.66,1727.0,100.9487,0.63,2215.5,106.8,8.58,96842.0,2648.5,11.86,1.13,11.86,108.1,1800.0,104.1,9.86,6057.8,54.7673,106.8,,50.6307,,0.0
1985-04-01,7.3,8.69,1664.0,100.9498,0.74,2220.0,107.0,8.27,97038.0,2659.5,11.43,1.21,11.66,108.4,1821.0,104.6,9.14,6159.5,54.6467,107.0,,50.4439,2368.1,0.0
1985-05-01,7.2,8.7,1709.0,100.9508,0.89,2229.0,107.2,7.97,97312.0,2696.4,10.85,1.45,11.27,108.8,1680.0,104.9,8.46,6310.8,54.7396,107.2,,50.5665,,0.0
1985-06-01,7.4,8.74,1716.0,101.0109,,2244.3,107.5,7.53,97459.0,2689.4,10.16,,,109.1,1676.0,104.6,7.8,6178.9,54.711,107.5,393500.0,50.5798,,0.0
1985-07-01,7.4,8.74,1697.0,100.9398,0.79,2255.8,107.7,7.88,97648.0,2715.7,10.31,1.53,10.19,109.4,1684.0,104.7,7.86,6192.8,54.4365,107.7,,50.3701,2421.1,0.0
1985-08-01,7.1,8.76,1808.0,100.7916,0.66,2265.1,107.9,7.9,97840.0,2752.1,10.33,1.47,10.51,109.8,1743.0,104.5,8.05,6189.0,54.6121,107.9,,50.6245,,0.0
1985-09-01,7.1,8.8,1916.0,100.6409,,2272.3,108.1,7.92,98045.0,2794.7,10.37,,,110.0,1676.0,103.8,8.07,6216.2,54.8147,108.1,,50.6739,,0.0
1985-10-01,7.1,8.79,1743.0,100.54299999999999,0.74,2274.7,108.5,7.99,98233.0,2755.8,10.24,1.46,10.29,110.5,1834.0,104.9,8.01,6247.8,54.6228,108.5,,50.5748,,0.0
1985-11-01,7.0,8.81,1692.0,100.6489,0.78,2273.2,109.0,8.05,98443.0,2771.1,9.78,1.28,9.98,111.1,1698.0,105.5,7.88,6258.1,54.8123,109.0,,50.9291,,0.0
1985-12-01,7.0,8.87,1794.0,100.867,,2275.9,109.5,8.27,98609.0,2811.3,9.26,,,111.4,1942.0,106.0,7.67,6296.4,55.3553,109.5,,51.103,,0.0
1986-01-01,6.7,8.85,1847.0,101.0519,,2276.7,109.9,8.14,98732.0,2827.1,9.19,,,111.9,1972.0,105.5,7.73,6308.5,55.6453,109.9,,51.7129,,0.0
1986-02-01,7.2,8.88,1767.0,101.14,,2290.7,109.7,7.86,98847.0,2820.2,8.7,,,112.2,1848.0,104.1,7.61,6341.7,55.2634,109.7,367250.0,51.4457,,0.0
1986-03-01,7.2,8.89,1780.0,101.165,,2321.8,109.1,7.48,98934.0,2823.6,7.78,,,112.5,1876.0,102.8,7.03,6406.5,54.8728,109.1,372250.0,51.2686,,0.0
1986-04-01,7.1,8.88,1858.0,101.2053,1.34,2353.1,108.7,6.99,99121.0,2835.2,7.3,0.48,7.37,112.9,1933.0,102.3,6.44,6430.4,54.935,108.7,,51.3999,,0.0
1986-05-01,7.2,8.9,1797.0,101.2643,1.52,2371.4,109.0,6.85,99248.0,2857.5,7.71,0.6,7.45,113.1,1854.0,102.8,6.65,6435.8,55.0399,109.0,,51.4608,,0.0
1986-06-01,7.2,8.92,1790.0,101.3604,,2381.2,109.4,6.92,99155.0,2861.7,7.8,,,113.4,1847.0,103.1,6.73,6429.8,54.826,109.4,,51.2605,,0.0
1986-07-01,7.0,8.91,1780.0,101.3022,1.56,2398.7,109.5,6.56,99473.0,2881.2,7.3,0.57,7.37,113.8,1782.0,102.3,6.27,6461.8,55.167,109.5,,51.5447,,0.0
1986-08-01,6.9,8.94,1726.0,101.1237,1.52,2414.7,109.6,6.17,99588.0,2898.6,7.17,0.78,7.34,114.2,1807.0,102.7,5.93,6469.4,55.0726,109.6,,51.6894,,0.0
1986-09-01,7.0,8.94,1686.0,100.9532,,2425.3,110.0,5.89,99934.0,2971.8,7.45,,,114.6,1687.0,102.9,5.77,6472.9,55.2237,110.0,,51.8327,2644.5,0.0
1986-10-01,7.0,8.96,1675.0,100.8622,1.48,2438.7,110.2,5.85,100121.0,2932.9,7.43,1.05,7.41,115.0,1681.0,103.5,5.72,6466.0,55.4589,110.2,,52.0297,,0.0
1986-11-01,6.9,9.01,1644.0,100.682,,2446.8,110.4,6.04,100308.0,2928.4,7.25,,,115.3,1623.0,103.4,5.8,6466.7,55.6763,110.4,376500.0,52.2187,,0.0
1986-12-01,6.6,9.01,1903.0,100.5306,1.37,2462.1,110.8,6.91,100509.0,2997.1,7.11,0.93,7.18,115.6,1833.0,103.6,5.87,6473.8,56.2078,110.8,,52.7381,2716.6,0.0
1987-01-01,6.6,9.02,1690.0,100.4986,,2463.1,111.4,6.43,100678.0,2935.5,7.08,,,115.9,1774.0,104.1,5.78,6494.2,55.9911,111.4,,52.5393,,0.0
1987-02-01,6.6,9.05,1689.0,100.5286,,2457.5,111.8,6.1,100919.0,3001.7,7.25,,,116.2,1784.0,104.4,5.96,6525.0,56.7373,111.8,,53.3257,,0.0
1987-03-01,6.6,9.07,1704.0,100.6011,,2454.3,112.2,6.13,101164.0,3013.3,7.25,,,116.6,1726.0,104.5,6.03,6530.5,56.8136,112.2,,53.342,,0.0
1987-04-01,6.3,9.08,1601.0,100.6803,0.93,2455.8,112.7,6.37,101499.0,3038.8,8.02,0.94,7.59,117.3,1614.0,105.1,6.5,6282.3,57.185,112.7,,53.6696,,0.0
1987-05-01,6.3,9.11,1500.0,100.713,0.76,2453.9,113.0,6.85,101728.0,3048.4,8.61,0.92,8.39,117.7,1628.0,105.2,7.0,6537.0,57.5424,113.0,,54.0494,,0.0
1987-06-01,6.2,9.11,1522.0,100.7848,0.91,2444.6,113.5,6.73,101900.0,3072.8,8.4,0.78,8.45,117.9,1594.0,105.5,6.8,6527.6,57.8502,113.5,,54.2571,2765.5,0.0
1987-07-01,6.1,9.12,1516.0,100.8868,0.98,2442.0,113.8,6.58,102247.0,3094.7,8.45,0.92,8.36,118.3,1575.0,105.7,6.68,6545.8,58.2421,113.8,,54.68,,0.0
1987-08-01,6.0,9.18,1511.0,100.8915,,2439.4,114.3,6.73,102420.0,3130.8,8.76,,,118.7,1605.0,105.9,7.03,6574.0,58.6784,114.3,324750.0,54.9742,,0.0
1987-09-01,5.9,9.19,1514.0,100.7095,0.75,2440.7,114.7,7.22,102647.0,3126.5,9.42,1.07,9.05,119.2,1695.0,106.2,7.67,6575.3,58.9088,114.7,,55.3734,,0.0
1987-10-01,6.0,9.22,1447.0,100.3681,0.68,2447.7,115.0,7.29,103138.0,3134.5,9.52,1.04,9.66,119.8,1515.0,106.0,7.59,6619.6,59.7008,115.0,,56.237,,0.0
1987-11-01,5.8,9.27,1457.0,100.098,,2442.7,115.4,6.69,103372.0,3144.2,8.86,,,120.1,1656.0,106.0,6.96,6648.1,59.9956,115.4,,56.5225,,0.0
1987-12-01,5.7,9.28,1345.0,100.1689,1.12,2445.0,115.6,6.77,103661.0,3174.1,8.99,1.24,9.01,120.4,1400.0,105.8,7.17,6711.5,60.3246,115.6,,56.9233,,0.0
1988-01-01,5.7,9.29,1244.0,100.4277,,2454.7,116.0,6.83,103753.0,3213.7,8.67,,,120.9,1271.0,106.4,6.99,6730.2,60.309,116.0,,56.7743,,0.0
1988-02-01,5.7,9.29,1438.0,100.6644,1.23,2470.2,116.2,6.58,104214.0,3221.4,8.21,1.04,8.26,121.2,1473.0,106.3,6.64,6773.5,60.6122,116.2,,56.9799,2844.6,0.0
1988-03-01,5.7,9.31,1525.0,100.8249,1.11,2481.3,116.5,6.58,104489.0,3260.5,8.37,1.04,8.15,121.7,1532.0,106.6,6.71,6804.3,60.7452,116.5,,57.1539,,0.0
1988-04-01,5.4,9.36,1429.0,100.868,,2483.5,117.2,6.87,104732.0,3263.0,8.72,,,122.3,1573.0,107.0,7.01,6830.1,61.108,117.2,,57.6925,,0.0
1988-05-01,5.6,9.41,1444.0,100.9591,,2490.2,117.5,7.09,104962.0,3293.6,9.09,,,122.7,1421.0,107.2,7.4,6841.7,60.9843,117.5,,57.561,,0.0
1988-06-01,5.4,9.41,1485.0,101.0263,0.96,2490.2,118.0,7.51,105326.0,3318.5,8.92,0.94,9.03,123.2,1478.0,107.5,7.49,6868.5,61.1615,118.0,,57.7032,,0.0
1988-07-01,5.4,9.45,1439.0,101.0932,1.05,2487.1,118.5,7.75,105550.0,3342.7,9.06,0.79,8.77,123.6,1467.0,108.4,7.75,6898.2,61.171,118.5,,57.6841,,0.0
1988-08-01,5.6,9.46,1460.0,101.2005,0.94,2480.7,119.0,8.01,105674.0,3368.0,9.26,0.71,9.07,124.0,1493.0,108.8,8.17,6918.4,61.4771,119.0,,57.7733,2944.5,0.0
1988-09-01,5.4,9.51,1436.0,101.1854,0.87,2474.4,119.5,8.19,106013.0,3375.0,8.98,0.57,9.25,124.7,1492.0,109.0,8.09,6932.4,61.2785,119.5,,57.9542,,0.0
1988-10-01,5.4,9.56,1516.0,101.0462,,2473.1,119.9,8.3,106276.0,3413.7,8.8,,,125.2,1522.0,109.2,8.11,6969.9,61.5488,119.9,301000.0,58.1951,,0.0
1988-11-01,5.3,9.58,1508.0,100.9454,0.69,2477.3,120.3,8.35,106617.0,3430.2,8.96,0.43,8.68,125.6,1569.0,109.6,8.48,6971.9,61.7049,120.3,,58.4263,,0.0
1988-12-01,5.3,9.6,1501.0,100.9718,0.53,2475.7,120.7,8.76,106898.0,3459.7,9.11,0.15,9.01,126.0,1563.0,110.0,8.99,7005.2,61.9851,120.7,,58.704,,0.0
1989-01-01,5.4,9.65,1466.0,101.1114,,2468.4,121.2,9.12,107161.0,3483.7,9.09,,,126.5,1621.0,111.1,9.05,7033.4,62.1677,121.2,,59.2071,,0.0
1989-02-01,5.2,9.68,1383.0,101.0913,0.57,2460.7,121.6,9.36,107427.0,3488.0,9.17,-0.13,8.99,126.9,1425.0,111.9,9.25,7052.7,61.8916,121.6,,58.5994,,0.0
1989-03-01,5.0,9.7,1214.0,100.948,0.39,2454.7,122.2,9.85,107621.0,3498.8,9.36,-0.19,9.36,127.4,1422.0,112.3,9.57,7087.1,62.0508,122.2,,58.5289,,0.0
1989-04-01,5.2,9.75,1376.0,100.75200000000001,,2441.9,123.1,9.84,107791.0,3543.0,9.18,,,127.8,1339.0,113.1,9.36,7050.0,62.0289,123.1,321500.0,58.6309,,0.0
1989-05-01,5.2,9.74,1381.0,100.6218,0.59,2434.6,123.7,9.81,107913.0,3551.8,8.86,-0.22,9.14,128.3,1331.0,114.0,8.98,7017.2,61.6871,123.7,,58.153,2998.8,0.0
1989-06-01,5.3,9.77,1322.0,100.59,0.76,2439.9,124.1,9.53,108027.0,3566.6,8.28,-0.21,8.61,128.8,1397.0,114.0,8.44,7036.7,61.6857,124.1,,58.2669,,0.0
1989-07-01,5.2,9.83,1283.0,100.6386,,2451.7,124.5,9.24,108069.0,3585.7,8.02,,,129.2,1427.0,113.8,7.89,7061.3,61.0896,124.5,339000.0,57.5583,,0.0
1989-08-01,5.2,9.83,1334.0,100.7196,1.05,2469.4,124.5,8.99,108120.0,3620.6,8.11,0.28,7.74,129.5,1332.0,113.4,8.18,7080.0,61.6847,124.5,,58.1312,,0.0
1989-09-01,5.3,9.87,1314.0,100.8713,0.87,2478.0,124.8,9.02,108369.0,3621.9,8.19,-0.18,8.19,129.9,1279.0,114.0,8.22,7101.4,61.4794,124.8,,58.0082,,0.0
1989-10-01,5.3,9.92,1365.0,100.8542,,2483.3,125.4,8.84,108476.0,3633.6,8.01,,,130.6,1410.0,114.6,7.99,7136.8,61.4014,125.4,,57.8569,,0.0
1989-11-01,5.4,9.93,1344.0,100.7303,1.0,2488.7,125.9,8.55,108752.0,3643.3,7.87,0.04,7.91,131.1,1351.0,114.8,7.77,7144.0,61.6081,125.9,,57.9815,,0.0
1989-12-01,5.4,9.98,1422.0,100.6563,1.01,2496.0,126.3,8.45,108836.0,3684.2,7.84,0.11,7.81,131.6,1251.0,115.5,7.72,7144.7,61.9588,126.3,,58.0111,,0.0
1990-01-01,5.4,10.02,1748.0,100.6537,,2483.8,127.5,8.23,109196.0,3730.7,8.21,,,132.1,1551.0,117.7,7.92,7187.4,61.6352,127.5,,57.9569,3181.9,0.0
1990-02-01,5.3,10.07,1329.0,100.6357,0.72,2483.8,128.0,8.24,109436.0,3728.2,8.47,0.14,8.42,132.7,1437.0,117.6,8.11,7203.3,62.1951,128.0,,58.7663,,0.0
1990-03-01,5.2,10.11,1246.0,100.7045,0.69,2480.6,128.6,8.28,109640.0,3754.9,8.59,0.06,8.59,133.5,1289.0,117.5,8.35,7206.1,62.4916,128.6,,59.0786,,0.0
1990-04-01,5.4,10.12,1136.0,100.7568,,2483.8,128.9,8.26,109674.0,3770.0,8.79,,,134.0,1248.0,117.4,8.4,7253.4,62.3511,128.9,,58.8528,,0.0
1990-05-01,5.4,10.16,1067.0,100.6273,0.56,2479.2,129.1,8.18,109828.0,3775.8,8.76,0.06,9.08,134.4,1212.0,117.5,8.32,7245.8,62.5353,129.1,,59.0293,,0.0
1990-06-01,5.2,10.2,1108.0,100.3423,0.89,2474.0,129.9,8.29,109850.0,3804.5,8.48,0.11,8.44,135.1,1177.0,117.6,8.1,7257.3,62.7479,129.9,,59.2305,,0.0
1990-07-01,5.5,10.22,1078.0,99.86092,,2470.9,130.5,8.15,109815.0,3821.7,8.47,,,135.8,1171.0,117.9,7.94,7283.7,62.6435,130.5,,59.0919,,0.0
1990-08-01,5.7,10.24,1069.0,99.08856,0.88,2463.5,131.6,8.13,109606.0,3848.3,8.75,0.44,8.29,136.6,1115.0,119.2,7.78,7239.1,62.8704,131.6,,59.3149,,1.0
1990-09-01,5.9,10.27,976.0,98.34657,,2456.3,132.5,8.2,109523.0,3870.1,8.89,,,137.1,1110.0,120.7,7.76,7236.8,62.8839,132.5,390000.0,59.2446,,1.0
1990-10-01,5.9,10.3,925.0,97.75354,0.86,2443.3,133.4,8.11,109377.0,3870.6,8.72,0.77,8.71,137.6,1014.0,121.9,7.55,7178.7,62.4973,133.4,,58.8461,3242.6,1.0
1990-11-01,6.2,10.32,941.0,97.54295,0.86,2440.2,133.7,7.81,109222.0,3871.9,8.39,0.89,8.57,138.0,1145.0,122.6,7.31,7181.9,61.7175,133.7,,58.1401,,1.0
1990-12-01,6.3,10.34,861.0,97.60696999999999,,2438.0,134.2,7.31,109168.0,3861.3,8.08,,,138.6,969.0,122.0,7.05,7224.7,61.2885,134.2,452000.0,57.6624,,1.0
1991-01-01,6.4,10.37,786.0,97.95465,,2440.8,134.7,6.91,109058.0,3841.0,8.09,,,139.5,798.0,122.6,6.64,7205.7,61.0842,134.7,,57.3013,,1.0
1991-02-01,6.6,10.39,853.0,98.58894000000001,1.05,2451.4,134.8,6.25,108735.0,3866.7,7.85,1.08,7.91,140.2,965.0,121.8,6.27,7216.8,60.6387,134.8,,56.8799,,1.0
1991-03-01,6.8,10.41,911.0,99.31223,0.79,2464.3,134.8,6.12,108568.0,3913.0,8.11,0.94,8.12,140.5,921.0,121.3,6.4,7229.1,60.2973,134.8,,56.4856,,1.0
1991-04-01,6.7,10.46,916.0,99.51653,0.8,2466.6,135.1,5.91,108350.0,3907.1,8.04,1.06,8.07,140.9,1001.0,121.3,6.24,7258.0,60.4524,135.1,,56.731,3339.8,0.0
1991-05-01,6.9,10.5,991.0,99.4995,0.83,2465.3,135.6,5.78,108253.0,3933.2,8.07,1.21,8.01,141.3,996.0,121.6,6.13,7259.5,61.0587,135.6,,57.1412,,0.0
1991-06-01,6.9,10.51,964.0,99.56474,,2464.6,136.0,5.9,108330.0,3940.5,8.28,,,141.8,1036.0,121.4,6.36,7296.7,61.5514,136.0,442250.0,57.7026,,0.0
1991-07-01,6.8,10.54,973.0,99.62606,0.77,2464.1,136.2,5.82,108290.0,3966.0,8.27,1.29,8.26,142.3,1063.0,121.1,6.31,7282.0,61.7201,136.2,,58.0287,3346.1,0.0
1991-08-01,6.9,10.56,944.0,99.59038000000001,0.73,2456.1,136.6,5.66,108299.0,3969.1,7.9,1.36,8.2,142.9,1049.0,121.3,5.78,7298.3,61.7289,136.6,,58.0766,,0.0
1991-09-01,6.9,10.58,974.0,99.39061,,2448.8,137.0,5.45,108335.0,3984.7,7.65,,,143.4,1015.0,121.5,5.57,7317.7,62.2369,137.0,,58.7061,,0.0
1991-10-01,7.0,10.59,991.0,98.91525,1.05,2449.1,137.2,5.21,108361.0,3976.0,7.53,1.46,7.45,143.7,1079.0,121.9,5.33,7328.0,62.1718,137.2,,58.6294,,0.0
1991-11-01,7.0,10.61,984.0,98.3261,1.08,2442.3,137.8,4.81,108300.0,4003.6,7.42,1.83,7.48,144.2,1103.0,122.4,4.89,7338.4,62.0894,137.8,,58.519,,0.0
1991-12-01,7.3,10.64,1061.0,97.97945,,2440.1,138.2,4.43,108330.0,4020.5,7.09,,,144.7,1079.0,122.3,4.38,7403.6,61.806,138.2,,58.3786,,0.0
1992-01-01,7.3,10.64,1077.0,97.93081,,2444.8,138.3,4.03,108365.0,4084.7,7.03,,,145.1,1176.0,122.0,4.15,7474.8,61.4823,138.3,,58.0666,,0.0
1992-02-01,7.4,10.66,1146.0,98.17536,,2453.1,138.6,4.06,108313.0,4099.5,7.34,,,145.4,1250.0,122.3,4.29,7507.2,61.9192,138.6,441000.0,58.6297,,0.0
1992-03-01,7.4,10.68,1082.0,98.61414,,2447.1,139.1,3.98,108367.0,4117.0,7.54,,,145.9,1297.0,122.4,4.63,7513.8,62.4403,139.1,,59.2545,,0.0
1992-04-01,7.4,10.72,1054.0,98.96271,0.88,2438.8,139.4,3.73,108517.0,4131.5,7.48,1.93,7.46,146.3,1099.0,122.5,4.3,7535.0,62.9199,139.4,,59.5935,,0.0
1992-05-01,7.6,10.74,1056.0,99.16116,0.81,2432.8,139.7,3.82,108647.0,4158.4,7.39,2.23,7.56,146.8,1214.0,122.9,4.19,7570.2,63.1268,139.7,,59.9495,,0.0
1992-06-01,7.8,10.77,1057.0,99.16701,0.86,2422.1,140.1,3.76,108707.0,4177.1,7.26,2.1,7.39,147.1,1145.0,123.4,4.17,7601.6,63.1624,140.1,,60.1489,3383.8,0.0
1992-07-01,7.7,10.78,1089.0,98.99251,1.06,2415.6,140.5,3.25,108792.0,4204.8,6.84,2.28,7.1,147.6,1139.0,123.3,3.6,7595.9,63.7348,140.5,,60.7158,,0.0
1992-08-01,7.6,10.81,1075.0,98.84028,,2413.9,140.8,3.3,108916.0,4220.9,6.59,,,147.9,1226.0,123.4,3.47,7622.6,63.3802,140.8,446750.0,60.4337,,0.0
1992-09-01,7.6,10.83,1114.0,98.8298,1.38,2416.9,141.1,3.22,108952.0,4255.3,6.42,2.44,6.56,148.1,1186.0,123.7,3.18,7586.9,63.5834,141.1,,60.5368,,0.0
1992-10-01,7.3,10.85,1132.0,99.09079,1.69,2416.2,141.7,3.1,109138.0,4284.7,6.59,2.56,6.23,148.8,1244.0,124.2,3.3,7537.9,64.0178,141.7,,60.9187,,0.0
1992-11-01,7.4,10.86,1118.0,99.7146,,2411.3,142.1,3.09,109283.0,4300.5,6.87,,,149.2,1214.0,124.1,3.68,7549.3,64.2628,142.1,,61.1649,,0.0
1992-12-01,7.4,10.9,1176.0,100.2222,1.12,2406.7,142.3,2.92,109502.0,4336.4,6.77,2.13,6.94,149.6,1227.0,124.2,3.71,7818.6,64.3599,142.3,,61.1059,,0.0
1993-01-01,7.3,10.93,1177.0,100.3551,,2394.3,142.8,3.02,109790.0,4340.7,6.6,,,150.1,1210.0,124.4,3.5,7648.1,64.6135,142.8,,61.6691,,0.0
1993-02-01,7.1,10.95,1148.0,100.2392,1.42,2386.1,143.1,3.03,110048.0,4355.3,6.26,2.19,6.38,150.6,1210.0,124.7,3.39,7684.5,64.9262,143.1,,61.8348,3385.9,0.0
1993-03-01,7.0,10.99,1056.0,100.0521,1.64,2380.8,143.3,3.07,110004.0,4352.5,5.98,2.06,5.94,150.8,1083.0,125.0,3.33,7660.8,64.8627,143.3,,61.7074,3396.7,0.0
1993-04-01,7.1,10.99,1104.0,99.82066,1.59,2372.3,143.8,2.96,110300.0,4393.4,5.97,2.12,6.06,151.4,1258.0,125.7,3.24,7700.6,65.0423,143.8,,62.0225,,0.0
1993-05-01,7.1,11.01,1112.0,99.52497,,2383.4,144.2,3.0,110571.0,4422.4,6.04,,,151.8,1260.0,125.7,3.36,7689.4,64.8006,144.2,349250.0,61.9671,,0.0
1993-06-01,7.0,11.03,1130.0,99.29503000000001,1.3,2385.6,144.3,3.04,110742.0,4440.0,5.96,1.91,6.07,152.1,1280.0,125.2,3.54,7675.1,64.9476,144.3,,61.8618,,0.0
1993-07-01,6.9,11.05,1174.0,99.08138000000001,1.44,2382.0,144.5,3.06,111054.0,4468.9,5.81,1.81,5.8,152.3,1254.0,125.1,3.47,7694.3,65.1142,144.5,,62.0243,,0.0
1993-08-01,6.8,11.07,1230.0,99.02660999999999,,2379.6,144.8,3.03,111200.0,4481.1,5.68,,,152.8,1300.0,123.9,3.44,7705.4,65.0421,144.8,,61.9303,,0.0
1993-09-01,6.7,11.09,1251.0,99.14845,1.19,2380.8,145.0,3.09,111449.0,4511.5,5.36,1.58,5.46,152.9,1343.0,124.1,3.36,7684.4,65.3749,145.0,,62.386,,0.0
1993-10-01,6.8,11.13,1287.0,99.42997,1.35,2374.1,145.6,2.99,111734.0,4532.8,5.33,1.5,5.34,153.4,1392.0,124.2,3.39,7646.9,65.863,145.6,,62.9301,,0.0
1993-11-01,6.6,11.15,1357.0,99.76839,1.2,2376.8,146.0,3.02,111988.0,4554.1,5.72,1.45,5.56,153.9,1376.0,124.4,3.58,7668.1,66.1696,146.0,,63.2253,3448.6,0.0
1993-12-01,6.5,11.18,1461.0,100.2595,1.15,2374.9,146.3,2.96,112324.0,4571.1,5.77,1.62,5.82,154.3,1533.0,124.4,3.61,7929.4,66.5531,146.3,,63.6417,,0.0
1994-01-01,6.6,11.2,1390.0,100.6824,,2375.2,146.3,3.05,112601.0,4585.1,5.75,,,154.5,1272.0,124.8,3.54,7780.4,66.7591,146.3,324000.0,63.7145,,0.0
1994-02-01,6.6,11.25,1269.0,100.8334,1.15,2369.3,146.7,3.25,112782.0,4632.6,5.97,1.57,5.77,154.8,1337.0,125.0,3.87,7795.0,66.8019,146.7,,63.8211,,0.0
1994-03-01,6.5,11.25,1342.0,100.8226,1.07,2365.8,147.1,3.34,113245.0,4646.0,6.48,1.47,6.28,155.3,1564.0,125.1,4.32,7820.5,67.4704,147.1,,64.6741,,0.0
1994-04-01,6.4,11.27,1392.0,100.7928,,2365.0,147.2,3.56,113589.0,4671.1,6.97,,,155.5,1465.0,125.1,4.82,7820.4,67.8707,147.2,,65.2646,,0.0
1994-05-01,6.1,11.29,1396.0,100.7301,,2366.6,147.5,4.01,113922.0,4669.5,7.18,,,155.9,1526.0,125.1,5.31,7910.6,68.187,147.5,,65.6979,,0.0
1994-06-01,6.1,11.31,1357.0,100.6233,0.88,2352.6,147.9,4.25,114239.0,4708.9,7.1,1.14,7.12,156.4,1409.0,125.2,5.27,7898.1,68.645,147.9,,65.937,,0.0
1994-07-01,6.1,11.34,1335.0,100.5505,0.82,2350.5,148.4,4.26,114608.0,4720.6,7.3,1.15,7.34,156.7,1439.0,125.7,5.48,7905.0,68.7317,148.4,,66.2287,,0.0
1994-08-01,6.0,11.36,1377.0,100.5967,0.82,2339.4,149.0,4.47,114903.0,4762.6,7.24,1.1,7.13,157.1,1450.0,126.2,5.56,7914.4,69.1882,149.0,,66.7752,3479.9,0.0
1994-09-01,5.9,11.39,1412.0,100.6677,0.89,2335.0,149.3,4.73,115247.0,4775.0,7.46,1.04,7.19,157.5,1474.0,125.9,5.76,7949.0,69.3935,149.3,,67.0274,,0.0
1994-10-01,5.8,11.42,1397.0,100.7621,,2332.2,149.4,4.76,115457.0,4812.9,7.74,,,157.8,1450.0,125.5,6.11,8024.4,69.9576,149.4,328000.0,67.7115,,0.0
1994-11-01,5.6,11.45,1340.0,100.87700000000001,0.76,2327.9,149.8,5.29,115868.0,4825.6,7.96,0.98,7.91,158.2,1511.0,126.1,6.54,8023.9,70.4288,149.8,,68.272,,0.0
1994-12-01,5.5,11.48,1396.0,101.0542,0.67,2322.7,150.1,5.45,116173.0,4841.6,7.81,0.5,7.92,158.3,1455.0,126.6,7.14,8060.2,71.1273,150.1,,69.033,,0.0
1995-01-01,5.6,11.48,1282.0,101.1366,,2320.5,150.5,5.53,116505.0,4851.2,7.78,,,159.0,1407.0,126.9,7.05,8086.0,71.2635,150.5,,69.16,,0.0
1995-02-01,5.4,11.52,1254.0,101.0032,0.69,2312.7,150.9,5.92,116694.0,4850.8,7.47,0.33,7.66,159.4,1316.0,127.2,6.7,8102.0,71.1758,150.9,,68.9793,,0.0
1995-03-01,5.4,11.55,1226.0,100.7811,0.9,2308.9,151.2,5.98,116908.0,4885.4,7.2,0.42,7.23,159.9,1249.0,127.4,6.43,8124.2,71.2796,151.2,,69.1652,,0.0
1995-04-01,5.8,11.56,1259.0,100.6848,,2305.1,151.8,6.05,117065.0,4890.2,7.06,,,160.4,1267.0,127.7,6.27,8064.0,71.1538,151.8,339250.0,68.972,,0.0
1995-05-01,5.6,11.59,1271.0,100.6721,0.93,2317.0,152.1,6.01,117047.0,4933.1,6.63,0.47,7.09,160.7,1314.0,127.8,6.0,8145.6,71.4997,152.1,,69.2195,3490.5,0.0
1995-06-01,5.6,11.63,1305.0,100.7997,1.12,2328.7,152.4,6.0,117291.0,4977.5,6.17,0.49,6.2,161.1,1281.0,127.8,5.64,8169.8,71.7327,152.4,,69.5431,,0.0
1995-07-01,5.7,11.67,1354.0,100.9175,,2337.7,152.6,5.85,117382.0,4970.2,6.28,,,161.4,1461.0,128.0,5.59,8187.8,71.4334,152.6,364500.0,69.0864,,0.0
1995-08-01,5.7,11.69,1386.0,100.8834,1.1,2347.3,152.9,5.74,117646.0,5005.3,6.49,0.56,6.5,161.8,1416.0,127.9,5.75,8193.0,72.3723,152.9,,69.9233,,0.0
1995-09-01,5.6,11.73,1421.0,100.6454,1.13,2352.8,153.1,5.8,117873.0,5020.5,6.2,0.44,6.22,162.2,1369.0,128.1,5.62,8219.4,72.6543,153.1,,70.5596,,0.0
1995-10-01,5.5,11.75,1400.0,100.4881,,2354.0,153.5,5.76,118026.0,5013.9,6.04,,,162.7,1369.0,128.4,5.59,8228.4,72.5336,153.5,,70.5066,,0.0
1995-11-01,5.6,11.78,1430.0,100.41,1.07,2355.2,153.7,5.8,118165.0,5055.6,5.93,0.46,5.98,163.0,1452.0,128.7,5.43,8250.5,72.717,153.7,,70.5872,,0.0
1995-12-01,5.6,11.81,1442.0,100.4341,1.15,2358.3,153.9,5.6,118325.0,5097.5,5.71,0.39,5.71,163.1,1431.0,129.3,5.31,8261.3,72.9638,153.9,,70.8701,,0.0
1996-01-01,5.6,11.86,1387.0,100.4504,,2358.0,154.7,5.56,118317.0,5085.7,5.65,,,163.7,1467.0,129.7,5.09,8272.1,72.5712,154.7,,70.421,3661.5,0.0
1996-02-01,5.5,11.87,1420.0,100.5219,1.19,2362.5,155.0,5.22,118737.0,5132.8,5.81,0.7,5.63,164.0,1491.0,129.7,4.94,8335.8,73.6207,155.0,,71.4703,,0.0
1996-03-01,5.5,11.89,1437.0,100.6673,1.16,2371.0,155.5,5.31,118992.0,5173.3,6.27,0.73,5.99,164.4,1424.0,130.5,5.34,8362.4,73.5141,155.5,,71.2897,,0.0
1996-04-01,5.6,11.96,1463.0,100.696,1.09,2368.8,156.1,5.22,119158.0,5208.0,6.51,0.52,6.31,164.6,1516.0,130.9,5.54,8311.8,74.2491,156.1,,72.1857,3702.9,0.0
1996-05-01,5.6,11.98,1457.0,100.6753,0.93,2371.9,156.4,5.24,119496.0,5223.8,6.74,0.65,6.68,165.0,1504.0,130.9,5.64,8416.8,74.8142,156.4,,72.78,,0.0
1996-06-01,5.3,12.03,1429.0,100.7838,,2375.6,156.7,5.27,119770.0,5229.8,6.91,,,165.4,1467.0,131.3,5.81,8467.1,75.3726,156.7,345000.0,73.5011,,0.0
1996-07-01,5.5,12.05,1450.0,100.943,0.8,2380.3,157.0,5.4,120019.0,5251.9,6.87,0.59,6.74,165.7,1472.0,131.2,5.85,8444.0,75.3738,157.0,,73.8345,3715.4,0.0
1996-08-01,5.1,12.1,1413.0,101.06299999999999,0.81,2381.7,157.2,5.22,120198.0,5275.0,6.64,0.57,6.65,166.0,1557.0,131.6,5.67,8464.7,75.7557,157.2,,74.1465,,0.0
1996-09-01,5.2,12.13,1392.0,101.1537,,2380.1,157.7,5.3,120400.0,5296.6,6.83,,,166.5,1475.0,131.7,5.83,8483.9,76.2302,157.7,,74.764,,0.0
1996-10-01,5.2,12.16,1358.0,101.2757,0.84,2384.8,158.2,5.24,120665.0,5328.5,6.53,0.62,6.65,166.8,1392.0,132.4,5.55,8482.7,76.2157,158.2,,74.651,,0.0
1996-11-01,5.4,12.2,1412.0,101.3795,0.88,2391.4,158.7,5.31,120947.0,5351.2,6.2,0.59,6.38,167.2,1489.0,132.5,5.42,8505.1,76.8973,158.7,,75.3157,,0.0
1996-12-01,5.4,12.24,1411.0,101.3947,,2400.1,159.1,5.29,121143.0,5378.6,6.3,,,167.4,1370.0,132.9,5.47,8533.1,77.3772,159.1,,75.9375,,0.0
1997-01-01,5.3,12.29,1382.0,101.4454,,2405.6,159.4,5.25,121357.0,5411.1,6.58,,,167.8,1355.0,133.0,5.61,8556.4,77.5135,159.4,,76.0186,,0.0
1997-02-01,5.2,12.31,1445.0,101.5631,,2408.5,159.7,5.19,121674.0,5434.0,6.42,,,168.1,1486.0,132.7,5.53,8579.2,78.4255,159.7,335500.0,77.0573,,0.0
1997-03-01,5.2,12.35,1436.0,101.6957,,2416.3,159.8,5.39,121991.0,5454.2,6.69,,,168.4,1457.0,132.6,5.8,8619.0,78.9197,159.8,317750.0,77.8413,,0.0
1997-04-01,5.1,12.39,1421.0,101.8602,0.8,2424.6,159.9,5.51,122288.0,5459.3,6.89,0.48,6.9,168.9,1492.0,131.8,5.99,8624.5,78.9848,159.9,,77.7352,,0.0
1997-05-01,4.9,12.43,1414.0,102.0461,0.9,2432.3,159.9,5.5,122560.0,5460.2,6.71,0.42,6.69,169.2,1442.0,131.5,5.87,8661.9,79.4296,159.9,,78.3054,,0.0
1997-06-01,5.0,12.46,1402.0,102.2155,,2438.2,160.2,5.56,122816.0,5494.2,6.49,,,169.4,1494.0,131.3,5.69,8689.7,79.7971,160.2,,78.787,,0.0
1997-07-01,4.9,12.5,1440.0,102.3295,0.92,2446.3,160.4,5.52,123114.0,5548.8,6.22,0.43,6.45,169.7,1437.0,130.9,5.54,8723.1,80.4666,160.4,,79.3651,,0.0
1997-08-01,4.8,12.57,1449.0,102.3321,0.88,2461.1,160.8,5.54,123086.0,5587.0,6.3,0.31,6.2,169.8,1390.0,131.4,5.56,8768.6,81.2825,160.8,,80.3864,,0.0
1997-09-01,4.9,12.6,1494.0,102.34299999999999,,2464.7,161.2,5.54,123575.0,5601.7,6.21,,,170.2,1546.0,131.6,5.52,8791.5,82.0327,161.2,,81.1045,3957.2,0.0
1997-10-01,4.7,12.66,1499.0,102.3361,0.94,2472.0,161.5,5.5,123924.0,5637.7,6.03,0.29,6.04,170.6,1520.0,131.9,5.46,8834.8,82.7656,161.5,,81.8382,,0.0
1997-11-01,4.6,12.71,1469.0,102.3177,,2482.9,161.7,5.52,124226.0,5661.1,5.88,,,170.8,1510.0,131.6,5.46,8892.2,83.427,161.7,310500.0,82.7018,,0.0
1997-12-01,4.7,12.75,1456.0,102.2861,0.94,2492.5,161.8,5.5,124549.0,5692.1,5.81,0.08,5.86,171.2,1566.0,131.4,5.53,8944.3,83.784,161.8,,83.1467,4032.4,0.0
1998-01-01,4.6,12.79,1555.0,102.4385,,2503.8,162.0,5.56,124806.0,5689.9,5.54,,,171.6,1525.0,130.7,5.24,9022.9,84.1564,162.0,,83.8355,,0.0
1998-02-01,4.6,12.83,1647.0,102.6015,,2524.0,162.0,5.51,125017.0,5723.8,5.57,,,171.9,1584.0,130.6,5.31,9081.2,84.3066,162.0,,83.9471,,0.0
1998-03-01,4.7,12.87,1605.0,102.6091,,2539.7,162.0,5.49,125165.0,5750.3,5.65,,,172.2,1567.0,130.5,5.39,9134.4,84.342,162.0,,83.7769,,0.0
1998-04-01,4.3,12.92,1547.0,102.5876,1.06,2552.5,162.2,5.45,125446.0,5788.1,5.64,0.07,5.62,172.5,1540.0,130.7,5.38,9164.1,84.6339,162.2,,84.1489,,0.0
1998-05-01,4.4,12.97,1554.0,102.4888,1.04,2561.1,162.6,5.49,125846.0,5837.9,5.65,0.08,5.67,172.9,1536.0,130.5,5.44,9202.0,85.1867,162.6,,84.6157,,0.0
1998-06-01,4.5,12.99,1551.0,102.3699,1.04,2570.1,162.8,5.56,126076.0,5871.7,5.5,0.01,5.53,173.2,1641.0,130.4,5.41,9254.2,84.6809,162.8,,83.9391,4156.3,0.0
1998-07-01,4.5,13.0,1610.0,102.234,1.07,2575.9,163.2,5.54,126211.0,5890.0,5.46,-0.02,5.44,173.5,1698.0,130.7,5.36,9270.0,84.3445,163.2,,83.5088,,0.0
1998-08-01,4.5,13.07,1654.0,102.042,,2587.9,163.4,5.55,126546.0,5925.0,5.34,,,174.0,1614.0,130.4,5.21,9299.3,86.0816,163.4,324250.0,85.648,,0.0
1998-09-01,4.6,13.11,1577.0,101.8018,1.44,2610.2,163.5,5.51,126744.0,5965.6,4.81,0.19,5.05,174.2,1582.0,130.4,4.71,9325.5,86.0023,163.5,,85.5766,,0.0
1998-10-01,4.5,13.14,1719.0,101.666,1.83,2628.4,163.9,5.07,126948.0,5998.8,4.53,0.16,4.33,174.4,1715.0,130.9,4.12,9337.5,86.591,163.9,,86.3166,,0.0
1998-11-01,4.4,13.17,1672.0,101.7593,,2648.8,164.1,4.83,127223.0,6015.4,4.83,,,174.8,1660.0,130.8,4.53,9374.6,86.5115,164.1,,86.4231,,0.0
1998-12-01,4.4,13.21,1742.0,101.9019,1.49,2661.6,164.4,4.68,127595.0,6070.5,4.65,0.23,4.67,175.4,1792.0,131.3,4.52,9391.7,86.8615,164.4,,86.9318,,0.0
1999-01-01,4.3,13.27,1732.0,102.1411,,2673.3,164.7,4.63,127699.0,6073.9,4.72,,,175.6,1748.0,131.7,4.51,9444.1,87.2205,164.7,,87.1748,,0.0
1999-02-01,4.4,13.3,1720.0,102.3489,1.49,2687.2,164.7,4.76,128118.0,6099.2,5.0,0.1,4.75,175.6,1670.0,131.2,4.7,9476.2,87.726,164.7,,87.9807,4385.1,0.0
1999-03-01,4.2,13.34,1665.0,102.3841,1.28,2689.7,164.8,4.81,128234.0,6133.0,5.23,0.2,5.4,175.7,1710.0,131.5,4.78,9484.1,87.9125,164.8,,87.955,4424.0,0.0
1999-04-01,4.3,13.38,1600.0,102.3793,1.48,2689.2,165.9,4.74,128596.0,6199.5,5.18,0.26,5.27,176.3,1553.0,132.1,4.69,9453.0,88.1082,165.9,,88.2945,,0.0
1999-05-01,4.2,13.42,1640.0,102.4228,,2702.5,166.0,4.74,128813.0,6232.1,5.54,,,176.5,1611.0,132.3,4.85,9469.3,88.6483,166.0,305000.0,89.0293,,0.0
1999-06-01,4.3,13.47,1702.0,102.4339,1.34,2715.7,166.0,4.76,129084.0,6260.3,5.9,0.24,5.78,176.6,1559.0,132.4,5.1,9501.3,88.5903,166.0,,88.8223,,0.0
1999-07-01,4.3,13.51,1682.0,102.3785,1.35,2720.7,166.7,4.99,129421.0,6287.6,5.79,0.27,5.85,177.1,1669.0,132.7,5.03,9519.0,89.1098,166.7,,89.2473,,0.0
1999-08-01,4.2,13.53,1671.0,102.31700000000001,,2724.5,167.1,5.07,129572.0,6331.9,5.94,,,177.3,1648.0,133.5,5.2,9559.1,89.5007,167.1,,89.711,,0.0
1999-09-01,4.2,13.61,1551.0,102.3068,1.45,2722.8,167.8,5.22,129772.0,6386.5,5.92,0.25,5.99,177.8,1635.0,134.5,5.25,9546.7,89.1304,167.8,,89.31,,0.0
1999-10-01,4.1,13.64,1649.0,102.2862,1.45,2732.1,168.1,5.2,130178.0,6411.4,6.11,0.27,6.0,178.1,1608.0,134.4,5.43,9598.7,90.2709,168.1,,90.6591,,0.0
1999-11-01,4.1,13.66,1672.0,102.4039,1.36,2738.6,168.4,5.42,130467.0,6448.7,6.03,0.23,6.06,178.4,1648.0,134.9,5.55,9660.9,90.7528,168.4,,91.2719,4578.0,0.0
1999-12-01,4.0,13.7,1683.0,102.5672,1.29,2748.4,168.8,5.3,130783.0,6541.0,6.28,0.17,6.21,178.7,1708.0,135.2,5.84,9735.9,91.4784,168.8,,91.9373,,0.0
2000-01-01,4.0,13.74,1727.0,102.7963,,2757.0,169.3,5.45,131011.0,6542.9,6.66,,,179.3,1636.0,135.2,6.12,9799.9,91.4092,169.3,278250.0,92.0039,,0.0
2000-02-01,4.1,13.8,1692.0,102.8489,1.07,2753.5,170.0,5.73,131121.0,6625.3,6.52,0.02,6.62,179.4,1737.0,136.6,6.22,9837.9,91.7245,170.0,,92.2528,,0.0
2000-03-01,4.0,13.85,1651.0,102.7685,1.33,2755.4,171.0,5.85,131604.0,6686.5,6.26,-0.13,6.39,180.0,1604.0,137.3,6.22,9864.0,92.083,171.0,,92.8958,,0.0
2000-04-01,3.8,13.89,1597.0,102.7501,,2789.8,170.9,6.02,131883.0,6679.1,5.99,,,180.3,1626.0,136.9,6.15,9913.7,92.6659,170.9,269750.0,93.5175,,0.0
2000-05-01,4.0,13.94,1543.0,102.7249,1.45,2777.9,171.2,6.27,132105.0,6709.7,6.44,-0.44,6.29,180.7,1575.0,137.0,6.33,9954.5,92.9347,171.2,,93.5818,4739.7,0.0
2000-06-01,4.0,13.98,1572.0,102.6267,1.57,2772.1,172.2,6.53,132062.0,6746.9,6.1,-0.41,6.2,181.1,1559.0,138.1,6.17,9982.3,93.0018,172.2,,93.7336,,0.0
2000-07-01,4.0,14.02,1542.0,102.5935,,2774.3,172.7,6.54,132228.0,6768.5,6.05,,,181.5,1463.0,138.2,6.08,10035.9,92.8373,172.7,288750.0,93.831,,0.0
2000-08-01,4.1,14.07,1552.0,102.5589,1.57,2790.7,172.7,6.5,132234.0,6802.8,5.83,-0.27,6.0,181.9,1541.0,137.9,6.18,10098.3,92.591,172.7,,93.2285,,0.0
2000-09-01,3.9,14.12,1570.0,102.5094,1.83,2796.8,173.6,6.52,132338.0,6888.6,5.8,-0.41,5.68,182.3,1507.0,139.0,6.13,10110.3,92.9827,173.6,,93.7099,,0.0
2000-10-01,3.9,14.17,1577.0,102.4011,,2801.3,173.9,6.51,132352.0,6893.8,5.74,,,182.6,1549.0,139.5,6.01,10139.2,92.64,173.9,,93.4156,,0.0
2000-11-01,3.9,14.23,1614.0,102.1504,1.75,2803.0,174.2,6.51,132556.0,6909.8,5.72,-0.14,5.74,183.1,1551.0,140.2,6.09,10143.5,92.6604,174.2,,93.1741,,0.0
2000-12-01,3.9,14.29,1543.0,101.624,1.84,2822.3,174.6,6.4,132716.0,6952.2,5.24,-0.1,5.52,183.3,1532.0,140.5,5.6,10164.3,92.3457,174.6,,92.6146,,0.0
2001-01-01,4.2,14.29,1699.0,101.1024,,2835.1,175.6,5.98,132703.0,6987.4,5.16,,,183.9,1600.0,141.7,4.81,10211.7,91.8908,175.6,,92.2483,4987.7,0.0
2001-02-01,4.2,14.36,1656.0,100.7213,1.94,2850.6,176.0,5.49,132788.0,7001.8,5.1,0.55,5.1,184.4,1625.0,141.9,4.68,10223.4,91.2851,176.0,,91.7312,,0.0
2001-03-01,4.3,14.42,1659.0,100.5567,2.06,2881.8,176.1,5.31,132751.0,6996.7,4.89,0.46,4.87,184.7,1590.0,141.2,4.3,10254.4,91.0585,176.1,,91.5568,,0.0
2001-04-01,4.4,14.44,1666.0,100.5238,,2913.4,176.4,4.8,132457.0,7004.2,5.14,,,185.1,1649.0,142.0,3.98,10233.1,90.7384,176.4,,91.1679,,1.0
2001-05-01,4.3,14.5,1665.0,100.6463,1.96,2897.5,177.3,4.21,132409.0,7052.8,5.39,1.07,5.3,185.3,1605.0,142.3,3.78,10214.7,90.2607,177.3,,90.5909,,1.0
2001-06-01,4.5,14.54,1626.0,100.7251,1.83,2915.2,177.7,3.97,132299.0,7069.7,5.28,1.17,5.39,186.0,1636.0,141.8,3.58,10218.1,89.7811,177.7,,90.0299,,1.0
2001-07-01,4.6,14.55,1598.0,100.6393,,2937.0,177.4,3.77,132171.0,7082.3,5.24,,,186.4,1670.0,140.1,3.62,10370.7,89.2352,177.4,,89.5076,,1.0
2001-08-01,4.9,14.6,1615.0,100.3387,1.95,2956.0,177.4,3.65,132021.0,7121.7,4.97,1.28,5.11,186.7,1567.0,140.7,3.47,10543.1,89.157,177.4,,89.1799,,1.0
2001-09-01,5.0,14.62,1565.0,99.90548000000001,,3006.9,178.1,3.07,131763.0,7007.0,4.73,,,187.1,1562.0,141.3,2.82,10452.8,88.6749,178.1,398250.0,88.8169,,1.0
2001-10-01,5.3,14.66,1566.0,99.74929,2.59,3009.0,177.6,2.49,131452.0,7212.9,4.57,1.73,4.55,187.4,1540.0,139.0,2.33,10267.7,88.4051,177.6,,88.4199,5308.1,1.0
2001-11-01,5.5,14.72,1651.0,99.89661,2.51,3035.3,177.5,2.09,131144.0,7182.3,4.65,1.75,4.24,188.1,1602.0,138.5,2.18,10279.7,87.886,177.5,,88.1295,,1.0
2001-12-01,5.7,14.74,1680.0,100.2531,,3066.9,177.4,1.82,130983.0,7166.7,5.09,,,188.4,1568.0,138.0,2.22,10298.9,87.8518,177.4,453750.0,88.2971,,0.0
2002-01-01,5.7,14.76,1665.0,100.5978,,3073.2,177.7,1.73,130859.0,7184.6,5.04,,,188.7,1698.0,137.7,2.16,10514.7,88.4634,177.7,,88.9108,,0.0
2002-02-01,5.7,14.78,1787.0,100.8044,1.48,3084.5,178.0,1.74,130736.0,7225.2,4.91,1.94,5.02,189.1,1829.0,138.0,2.23,10531.6,88.4578,178.0,,88.9373,,0.0
2002-03-01,5.7,14.83,1691.0,100.9911,1.63,3082.5,178.5,1.73,130722.0,7243.4,5.28,1.8,4.98,189.2,1642.0,138.8,2.57,10539.0,89.1265,178.5,,89.6404,,0.0
2002-04-01,5.9,14.84,1669.0,101.0437,1.46,3068.8,179.3,1.75,130615.0,7312.5,5.21,1.7,5.44,189.7,1592.0,138.7,2.48,10574.2,89.5507,179.3,,89.9423,5541.1,0.0
2002-05-01,5.8,14.88,1716.0,101.0177,1.63,3079.9,179.5,1.75,130632.0,7288.9,5.16,1.87,5.08,190.0,1764.0,138.4,2.35,10616.5,89.9348,179.5,,90.4511,,0.0
2002-06-01,5.8,14.93,1758.0,100.7677,,3092.1,179.6,1.75,130673.0,7322.5,4.93,,,190.2,1717.0,138.8,2.2,10648.2,90.6736,179.6,401250.0,91.373,,0.0
2002-07-01,5.8,14.97,1738.0,100.43299999999999,1.76,3109.0,180.0,1.73,130583.0,7387.3,4.65,1.97,4.85,190.5,1655.0,138.6,1.96,10621.0,90.6436,180.0,,91.2634,5546.6,0.0
2002-08-01,5.7,15.02,1695.0,100.1572,2.05,3123.8,180.5,1.74,130582.0,7412.6,4.26,2.32,4.47,191.1,1633.0,138.7,1.76,10623.0,90.5505,180.5,,91.3621,,0.0
2002-09-01,5.7,15.05,1803.0,99.91587,,3131.9,180.8,1.75,130503.0,7391.5,3.87,,,191.3,1804.0,139.2,1.72,10633.6,90.6373,180.8,,91.4514,,0.0
2002-10-01,5.7,15.12,1799.0,99.7337,2.43,3149.7,181.2,1.75,130617.0,7435.2,3.94,1.92,3.72,191.5,1648.0,140.0,1.65,10661.8,90.3988,181.2,,91.1504,,0.0
2002-11-01,5.9,15.15,1771.0,99.74871,2.34,3172.6,181.5,1.34,130616.0,7463.8,4.05,2.25,4.01,191.9,1753.0,140.0,1.49,10690.9,90.8947,181.5,,91.6384,,0.0
2002-12-01,6.0,15.2,1896.0,99.74618000000001,,3179.0,181.8,1.24,130465.0,7519.9,4.03,,,192.1,1788.0,139.7,1.45,10719.9,90.3906,181.8,,90.9971,,0.0
2003-01-01,5.8,15.22,1808.0,99.56801999999999,,3183.1,182.6,1.24,130573.0,7541.3,4.05,,,192.4,1853.0,141.1,1.36,10710.4,91.1369,182.6,,91.7853,,0.0
2003-02-01,5.9,15.28,1854.0,99.41,,3185.4,183.6,1.26,130441.0,7548.6,3.9,,,192.5,1629.0,142.7,1.3,10674.0,91.2505,183.6,400000.0,91.6769,,0.0
2003-03-01,5.9,15.27,1757.0,99.49301,,3191.2,183.9,1.25,130235.0,7611.5,3.81,,,192.5,1726.0,144.0,1.24,10696.5,91.0006,183.9,416750.0,91.7955,,0.0
2003-04-01,6.0,15.28,1803.0,99.92635,1.93,3223.6,183.2,1.26,130172.0,7634.5,3.96,2.34,3.84,192.5,1643.0,142.2,1.27,10752.7,90.4311,183.2,,91.144,,0.0
2003-05-01,6.1,15.33,1835.0,100.3536,1.66,3261.6,182.9,1.26,130196.0,7650.3,3.57,2.38,3.88,192.9,1751.0,141.9,1.18,10832.0,90.4,182.9,,91.194,,0.0
2003-06-01,6.3,15.36,1875.0,100.5095,,3278.2,183.1,1.22,130185.0,7699.6,3.33,,,193.0,1867.0,142.7,1.01,10860.6,90.5196,183.1,,91.6215,,0.0
2003-07-01,6.2,15.4,1885.0,100.5117,1.63,3293.1,183.7,1.01,130184.0,7757.0,3.98,2.26,3.56,193.4,1897.0,142.8,1.12,10991.1,90.9869,183.7,,91.9808,,0.0
2003-08-01,6.1,15.42,1966.0,100.4225,1.43,3310.2,184.5,1.03,130153.0,7852.1,4.45,2.59,4.44,193.6,1833.0,143.7,1.31,11066.7,90.7933,184.5,,91.6346,,0.0
2003-09-01,6.1,15.42,1961.0,100.3871,,3284.7,185.1,1.01,130253.0,7853.7,4.27,,,193.7,1939.0,144.0,1.24,10940.8,91.3819,185.1,,92.4512,6078.9,0.0
2003-10-01,6.0,15.42,2012.0,100.5351,1.47,3283.0,184.9,1.01,130440.0,7867.4,4.29,2.49,3.96,194.0,1967.0,144.8,1.25,10982.3,91.5049,184.9,,92.535,,0.0
2003-11-01,5.8,15.46,1918.0,100.82700000000001,,3284.2,185.0,1.0,130481.0,7922.6,4.3,,,194.0,2083.0,144.6,1.34,11048.4,92.1265,185.0,376250.0,93.389,,0.0
2003-12-01,5.7,15.47,1987.0,101.1297,1.28,3274.4,185.5,0.98,130589.0,7950.4,4.27,2.28,4.4,194.2,2057.0,145.1,1.31,11057.2,92.1732,185.5,,93.3076,6092.7,0.0
2004-01-01,5.7,15.51,1952.0,101.4088,,3264.7,186.3,1.0,130756.0,8007.1,4.15,,,194.6,1911.0,145.9,1.24,11051.2,92.3268,186.3,,93.2411,,0.0
2004-02-01,5.6,15.53,1966.0,101.2953,,3279.0,186.7,1.01,130820.0,8040.4,4.08,,,194.9,1846.0,145.8,1.24,11071.0,92.8995,186.7,,93.9407,,0.0
2004-03-01,5.8,15.56,2066.0,101.1277,1.43,3291.3,187.1,1.0,131139.0,8098.8,3.83,2.33,4.0,195.5,1998.0,146.2,1.19,11115.6,92.5368,187.1,,93.9079,6120.1,0.0
2004-04-01,5.6,15.59,2070.0,100.9568,1.49,3308.0,187.4,1.0,131412.0,8107.2,4.35,2.26,3.91,195.9,2003.0,147.2,1.43,11153.3,92.8957,187.4,,94.2009,,0.0
2004-05-01,5.6,15.63,2150.0,100.8785,,3334.7,188.2,1.0,131697.0,8176.5,4.72,,,196.2,1981.0,148.4,1.78,11208.9,93.5845,188.2,345500.0,94.8983,,0.0
2004-06-01,5.6,15.67,2020.0,101.0162,1.31,3323.5,188.9,1.03,131794.0,8157.6,4.73,2.11,4.71,196.6,1828.0,148.4,2.12,11215.8,92.8651,188.9,,94.1813,,0.0
2004-07-01,5.5,15.69,2112.0,101.1275,1.32,3327.0,189.1,1.26,131853.0,8236.9,4.5,1.93,4.57,196.8,2002.0,148.2,2.1,11240.5,93.5502,189.1,,95.0067,,0.0
2004-08-01,5.4,15.73,2056.0,101.1028,,3339.3,189.2,1.43,131940.0,8271.6,4.28,,,196.9,2024.0,148.6,2.02,11274.6,93.6301,189.2,,95.4402,,0.0
2004-09-01,5.4,15.78,2041.0,100.9841,1.38,3346.8,189.8,1.61,132091.0,8341.5,4.13,1.72,4.13,197.5,1905.0,148.8,2.12,11279.6,93.7353,189.8,,95.5222,,0.0
2004-10-01,5.5,15.81,2097.0,100.895,1.32,3343.8,190.8,1.76,132431.0,8397.1,4.1,1.58,4.21,197.9,2072.0,151.2,2.23,11282.5,94.5695,190.8,,96.5362,,0.0
2004-11-01,5.4,15.84,2079.0,100.9591,1.39,3341.9,191.7,1.93,132504.0,8444.5,4.19,1.5,4.11,198.3,1782.0,152.1,2.5,11246.1,94.8015,191.7,,96.5251,6362.5,0.0
2004-12-01,5.4,15.86,2082.0,101.0947,1.25,3351.4,191.7,2.16,132629.0,8504.4,4.23,1.37,4.38,198.6,2042.0,151.4,2.67,11659.0,95.5415,191.7,,97.308,,0.0
2005-01-01,5.3,15.9,2139.0,101.08,,3356.5,191.6,2.28,132781.0,8497.7,4.22,,,199.0,2144.0,151.9,2.86,11226.5,95.8785,191.6,328500.0,97.9271,,0.0
2005-02-01,5.4,15.93,2114.0,100.9246,1.07,3346.7,192.4,2.5,133033.0,8559.1,4.17,0.86,4.15,199.4,2207.0,152.7,3.03,11229.0,96.5709,192.4,,98.8304,,0.0
2005-03-01,5.2,15.97,2062.0,100.6953,0.97,3339.4,193.1,2.63,133152.0,8598.4,4.5,0.79,4.38,200.1,1864.0,153.7,3.3,11268.8,96.4345,193.1,,98.3466,,0.0
2005-04-01,5.2,16.01,2150.0,100.5071,0.9,3336.1,193.7,2.79,133519.0,8678.4,4.34,0.71,4.46,200.2,2061.0,154.2,3.32,11304.2,96.6347,193.7,,98.7663,,0.0
2005-05-01,5.1,16.03,2085.0,100.575,,3346.7,193.6,3.0,133689.0,8671.6,4.14,,,200.5,2025.0,153.9,3.33,11352.7,96.7251,193.6,,99.0189,,0.0
2005-06-01,5.0,16.08,2178.0,100.8249,1.02,3361.8,193.7,3.04,133947.0,8753.4,4.0,0.41,3.91,200.6,2068.0,153.9,3.36,11375.5,97.1483,193.7,,99.2871,,0.0
2005-07-01,5.0,16.15,2203.0,100.7314,0.93,3357.5,194.9,3.26,134300.0,8853.8,4.18,0.3,4.06,200.9,2054.0,155.0,3.64,11387.1,96.8397,194.9,,98.9358,,0.0
2005-08-01,4.9,16.17,2219.0,100.1407,0.81,3353.6,196.1,3.5,134503.0,8850.1,4.26,0.28,4.32,201.1,2095.0,156.3,3.87,11405.3,97.1584,196.1,,99.4776,6534.7,0.0
2005-09-01,5.0,16.19,2263.0,99.42278,0.92,3325.1,198.8,3.62,134554.0,8900.4,4.2,0.3,4.02,201.3,2151.0,158.8,3.85,11365.2,95.2764,198.8,,98.3331,,0.0
2005-10-01,5.0,16.28,2170.0,99.18978,,3337.1,199.1,3.78,134643.0,8938.5,4.46,,,202.0,2065.0,160.5,4.18,11428.7,96.4411,199.1,397250.0,99.8225,,0.0
2005-11-01,5.0,16.3,2218.0,99.57593,0.86,3362.3,198.1,4.0,134999.0,8946.2,4.54,0.16,4.58,202.5,2147.0,158.7,4.33,11500.1,97.5016,198.1,,100.7585,,0.0
2005-12-01,4.9,16.36,2120.0,100.1521,0.93,3376.1,198.1,4.16,135158.0,8981.1,4.47,0.07,4.52,202.8,1994.0,159.6,4.35,11535.2,97.9723,198.1,,100.8668,,0.0
2006-01-01,4.7,16.42,2212.0,100.4121,,3377.0,199.3,4.29,135426.0,9071.6,4.42,,,203.2,2273.0,160.5,4.45,11651.8,98.127,199.3,,101.6594,,0.0
2006-02-01,4.8,16.48,2141.0,100.3635,0.84,3387.6,199.4,4.49,135731.0,9096.0,4.57,-0.02,4.57,203.6,2119.0,158.7,4.68,11702.8,98.1687,199.4,,101.3716,,0.0
2006-03-01,4.7,16.54,2118.0,100.2323,0.77,3389.8,199.7,4.59,136036.0,9132.9,4.72,-0.12,4.59,204.3,1969.0,159.3,4.77,11747.5,98.3913,199.7,,101.3092,,0.0
2006-04-01,4.7,16.63,1998.0,99.98100000000001,,3391.6,200.7,4.79,136208.0,9191.6,4.99,,,204.8,1821.0,160.6,4.9,11744.4,98.6826,200.7,299000.0,101.667,,0.0
2006-05-01,4.6,16.66,1905.0,99.69939000000001,0.86,3384.9,201.3,4.94,136249.0,9231.8,5.11,0.2,5.14,205.4,1942.0,160.6,5.0,11736.8,98.7074,201.3,,101.4504,6790.9,0.0
2006-06-01,4.6,16.72,1867.0,99.67864,0.83,3395.5,201.8,4.99,136335.0,9259.6,5.11,0.07,5.11,205.9,1802.0,161.4,5.16,11751.9,99.0398,201.8,,101.8145,,0.0
2006-07-01,4.7,16.78,1763.0,99.71475,,3397.7,202.9,5.24,136529.0,9343.8,5.09,,,206.3,1737.0,161.0,5.22,11746.9,98.9751,202.9,307750.0,101.5259,,0.0
2006-08-01,4.7,16.82,1722.0,99.81288,0.8,3398.1,203.8,5.25,136693.0,9342.2,4.88,0.02,4.99,206.8,1650.0,162.1,5.08,11737.0,99.4047,203.8,,102.3362,,0.0
2006-09-01,4.5,16.87,1655.0,100.1277,0.8,3428.3,202.8,5.25,136829.0,9375.4,4.72,-0.04,4.73,207.2,1720.0,160.2,4.97,11800.1,99.2246,202.8,,102.4424,,0.0
2006-10-01,4.4,16.93,1570.0,100.5471,,3468.1,201.9,5.25,136846.0,9393.6,4.73,,,207.6,1491.0,158.7,5.01,11853.7,99.1229,201.9,,101.9681,,0.0
2006-11-01,4.5,16.98,1535.0,100.7777,0.78,3483.9,202.0,5.25,137061.0,9400.2,4.6,-0.09,4.57,207.8,1570.0,160.0,5.01,11901.9,99.0963,202.0,,102.1078,,0.0
2006-12-01,4.4,17.05,1638.0,100.89299999999999,0.75,3486.2,203.1,5.24,137249.0,9488.3,4.56,-0.09,4.43,208.1,1649.0,161.1,4.94,11958.6,100.1125,203.1,,103.6726,,0.0
2007-01-01,4.6,17.09,1626.0,100.9249,,3499.1,203.437,5.25,137472.0,9538.7,4.76,,,208.6,1409.0,160.9,5.06,11956.6,99.7546,203.437,,103.2991,7136.5,0.0
2007-02-01,4.5,17.16,1598.0,100.7022,0.64,3493.5,204.226,5.26,137558.0,9566.0,4.72,-0.12,4.84,209.135,1480.0,162.7,5.05,11996.0,100.7166,204.226,,103.6719,,0.0
2007-03-01,4.4,17.22,1596.0,100.4308,0.7,3491.9,205.288,5.26,137782.0,9611.7,4.56,-0.07,4.56,209.418,1495.0,164.1,4.92,12035.1,100.8952,205.288,,104.5848,,0.0
2007-04-01,4.5,17.27,1470.0,100.257,,3516.7,205.904,5.25,137845.0,9643.6,4.69,,,209.747,1490.0,165.3,4.93,12052.8,101.5723,205.904,,105.2553,,0.0
2007-05-01,4.4,17.34,1493.0,100.1968,0.76,3508.9,206.755,5.25,137993.0,9685.8,4.75,0.01,4.64,210.058,1415.0,166.0,4.91,12059.9,101.6269,206.755,,105.215,,0.0
2007-06-01,4.6,17.41,1407.0,100.1562,0.67,3516.8,207.234,5.25,138069.0,9706.8,5.1,-0.02,4.95,210.392,1448.0,166.1,4.96,12053.3,101.6547,207.234,,105.6409,,0.0
2007-07-01,4.7,17.46,1361.0,100.1331,,3525.5,207.603,5.26,138044.0,9751.1,5.0,,,210.773,1354.0,167.2,4.96,12066.4,101.4953,207.603,,105.6645,,0.0
2007-08-01,4.6,17.5,1321.0,99.90429,0.85,3561.0,207.667,5.02,138013.0,9798.9,4.67,0.2,4.76,211.119,1330.0,166.0,4.47,12070.9,101.6943,207.667,,105.4234,,0.0
2007-09-01,4.7,17.55,1261.0,99.64957,,3554.7,208.547,4.94,138101.0,9845.1,4.52,,,211.554,1183.0,167.6,4.14,12089.6,101.9428,208.547,320000.0,105.7879,,0.0
2007-10-01,4.7,17.58,1192.0,99.35554,1.16,3551.0,209.19,4.76,138177.0,9882.7,4.53,0.54,4.56,212.077,1264.0,169.3,4.1,12080.4,101.6446,209.19,,105.6476,7356.8,0.0
2007-11-01,4.7,17.63,1224.0,99.07018000000001,1.17,3535.4,210.834,4.49,138291.0,9955.9,4.15,0.59,4.36,212.66,1197.0,172.4,3.5,12070.1,102.2167,210.834,,106.2595,,0.0
2007-12-01,5.0,17.68,1149.0,98.9023,,3539.5,211.445,4.24,138395.0,9972.8,4.1,,,213.168,1037.0,171.7,3.26,12120.5,102.2764,211.445,340250.0,106.443,,0.0
2008-01-01,5.0,17.74,1094.0,98.74091,,3543.2,212.174,3.94,138391.0,9996.4,3.74,,,213.771,1084.0,173.3,2.71,12137.1,102.1493,212.174,,106.2058,,1.0
2008-02-01,4.9,17.8,1014.0,98.35253,1.73,3575.3,212.687,2.98,138327.0,9981.7,3.74,1.53,3.62,213.939,1103.0,173.9,2.05,12141.8,101.7756,212.687,,105.4437,,1.0
2008-03-01,5.1,17.88,967.0,97.88428,,3593.5,213.448,2.61,138257.0,10035.3,3.51,,,214.42,1005.0,175.4,1.54,12145.9,101.4508,213.448,345500.0,105.0141,,1.0
2008-04-01,5.0,17.92,1008.0,97.35648,2.0,3605.1,213.942,2.28,138038.0,10070.3,3.68,1.77,3.57,214.56,1013.0,175.9,1.74,12100.8,100.7554,213.942,,103.9354,,1.0
2008-05-01,5.4,17.98,995.0,96.97754,1.72,3589.8,215.208,1.98,137851.0,10132.3,3.88,1.41,3.78,214.936,973.0,178.4,2.06,12696.2,100.1336,215.208,,103.3508,,1.0
2008-06-01,5.6,18.04,1180.0,96.85837,,3561.2,217.463,2.0,137698.0,10187.1,4.1,,,215.424,1046.0,181.2,2.42,12376.6,99.8728,217.463,,102.6186,,1.0
2008-07-01,5.8,18.1,921.0,97.06129,1.61,3557.5,219.016,2.01,137498.0,10185.1,4.01,1.38,4.01,215.965,923.0,183.4,2.28,12188.7,99.4194,219.016,,101.4769,,1.0
2008-08-01,6.1,18.18,858.0,97.31839000000001,1.73,3569.5,218.69,2.0,137211.0,10175.7,3.89,1.46,3.97,216.393,844.0,182.0,2.18,12120.6,97.8491,218.69,,100.1638,,1.0
2008-09-01,6.1,18.2,797.0,97.39437,,3596.9,218.877,1.81,136762.0,10116.4,3.69,,,216.713,820.0,182.7,1.91,12149.0,93.5576,218.877,,96.5956,7738.4,1.0
2008-10-01,6.5,18.25,736.0,97.04175,2.25,3675.3,216.995,0.97,136293.0,10034.1,3.81,1.95,3.77,216.788,777.0,178.3,1.42,12240.5,94.4985,216.995,,96.0624,,1.0
2008-11-01,6.8,18.31,626.0,96.78537,,3766.0,213.153,0.39,135543.0,9885.2,3.53,,,216.947,652.0,172.9,1.07,12345.9,93.2617,213.153,477250.0,93.6504,,1.0
2008-12-01,7.3,18.39,554.0,96.77790999999999,2.63,3881.3,211.398,0.16,134847.0,9801.5,2.42,1.82,2.72,216.925,560.0,169.7,0.49,12288.8,90.6266,211.398,,90.4374,8102.7,1.0
2009-01-01,7.8,18.39,545.0,96.78511,,3911.3,211.933,0.15,134078.0,9847.2,2.52,,,217.346,490.0,170.8,0.44,12361.5,88.3712,211.933,,87.4764,,1.0
2009-02-01,8.3,18.44,558.0,96.7591,,3911.3,212.705,0.22,133317.0,9824.5,2.87,,,217.792,582.0,170.6,0.62,12241.9,87.843,212.705,,87.4964,,1.0
2009-03-01,8.7,18.5,513.0,96.96084,,3946.8,212.495,0.18,132492.0,9773.2,2.82,,,218.253,505.0,169.1,0.64,12242.7,86.4689,212.495,,85.9802,,1.0
2009-04-01,9.0,18.52,521.0,97.40855,2.64,3945.0,212.709,0.15,131821.0,9772.5,2.93,1.85,2.68,218.706,478.0,170.0,0.55,12320.0,85.7903,212.709,,85.4365,,1.0
2009-05-01,9.4,18.53,556.0,97.79377,2.29,3966.5,213.022,0.18,131468.0,9791.6,3.29,2.29,3.21,218.904,540.0,170.3,0.5,12500.1,84.9436,213.022,,84.5396,,1.0
2009-06-01,9.5,18.56,601.0,97.95326,1.99,3938.5,214.79,0.21,131007.0,9852.4,3.72,2.74,3.71,219.112,585.0,173.5,0.51,12273.2,84.6746,214.79,,84.332,8452.4,1.0
2009-07-01,9.5,18.59,595.0,97.90809,1.9,3941.7,214.726,0.16,130662.0,9886.3,3.56,2.5,3.55,219.263,594.0,171.5,0.48,12218.7,85.6853,214.726,,85.7961,,0.0
2009-08-01,9.6,18.67,616.0,97.95174,,3928.3,215.445,0.16,130472.0,10004.1,3.59,,,219.496,586.0,173.9,0.46,12194.8,86.6393,215.445,562000.0,86.8162,,0.0
2009-09-01,9.8,18.7,609.0,98.1294,1.76,3920.0,215.861,0.15,130247.0,9927.8,3.4,2.46,3.38,219.92,585.0,173.5,0.4,12230.6,87.3821,215.861,,87.7208,,0.0
2009-10-01,10.0,18.74,583.0,98.15902,1.74,3920.4,216.509,0.12,130062.0,9976.7,3.39,2.34,3.21,220.501,534.0,174.3,0.37,12193.2,87.5809,216.509,,87.7415,,0.0
2009-11-01,9.9,18.8,623.0,98.17303000000001,,3920.8,217.234,0.12,130058.0,9985.7,3.4,,,220.666,588.0,176.6,0.31,12224.4,87.9388,217.234,,88.671,,0.0
2009-12-01,9.9,18.84,664.0,98.34699,1.81,3916.5,217.347,0.12,129808.0,10052.6,3.59,2.61,3.28,220.881,581.0,177.1,0.37,12280.2,88.2404,217.347,,88.536,,0.0
2010-01-01,9.8,18.88,636.0,98.50824,,3898.1,217.488,0.11,129802.0,10056.1,3.73,,,220.633,614.0,178.9,0.35,12285.8,89.1897,217.488,,89.5484,,0.0
2010-02-01,9.8,18.91,650.0,98.56321,1.62,3924.7,217.281,0.13,129705.0,10093.4,3.69,2.82,3.68,220.731,604.0,177.7,0.35,12292.0,89.5046,217.281,,89.5698,8450.6,0.0
2010-03-01,9.9,18.92,687.0,98.56012,1.61,3921.6,217.353,0.16,129865.0,10156.0,3.73,2.81,3.61,220.783,636.0,178.9,0.4,12340.3,90.1356,217.353,,90.7779,8547.6,0.0
2010-04-01,9.9,18.96,637.0,98.53974000000001,1.44,3935.1,217.403,0.2,130120.0,10182.3,3.85,2.84,3.89,220.822,687.0,178.9,0.45,12447.1,90.4607,217.403,,91.5998,,0.0
2010-05-01,9.6,19.01,575.0,98.53848,,3962.1,217.29,0.2,130643.0,10210.8,3.42,,,220.962,583.0,178.9,0.37,12540.3,91.7014,217.29,462000.0,92.8159,,0.0
2010-06-01,9.4,19.03,587.0,98.44367,1.66,3972.6,217.199,0.18,130509.0,10231.3,3.2,2.51,3.29,221.194,536.0,178.3,0.32,12544.3,91.9033,217.199,,92.8028,,0.0
2010-07-01,9.4,19.04,579.0,98.15993,1.66,3970.4,217.605,0.18,130415.0,10268.1,3.01,2.33,2.96,221.363,546.0,178.5,0.29,12554.2,92.2549,217.605,,93.3195,,0.0
2010-08-01,9.5,19.11,580.0,97.98689,,3986.8,217.923,0.19,130416.0,10307.1,2.7,,,221.509,599.0,179.5,0.26,12591.4,92.5936,217.923,,93.5079,,0.0
2010-09-01,9.5,19.11,563.0,97.93621,1.8,3994.5,218.275,0.19,130342.0,10327.1,2.65,2.08,2.58,221.711,594.0,180.1,0.26,12589.9,92.8533,218.275,,93.6052,,0.0
2010-10-01,9.4,19.21,558.0,98.0344,2.03,4003.3,219.035,0.19,130621.0,10386.4,2.54,2.12,2.54,221.83,543.0,181.6,0.23,12592.5,92.6033,219.035,,93.658,,0.0
2010-11-01,9.8,19.21,560.0,98.29088,2.1,4002.6,219.59,0.19,130749.0,10433.6,2.76,2.32,2.66,222.149,545.0,182.4,0.25,12605.1,92.6686,219.59,,93.7729,8724.5,0.0
2010-12-01,9.3,19.23,632.0,98.54091,1.95,4001.8,220.472,0.18,130830.0,10471.0,3.29,2.44,2.97,222.343,539.0,184.0,0.29,12680.6,93.5916,220.472,,94.2792,,0.0
2011-01-01,9.1,19.33,576.0,98.64883,,3999.0,221.187,0.17,130837.0,10514.3,3.39,,,222.803,630.0,185.4,0.27,12740.1,93.3889,221.187,416500.0,94.3733,,0.0
2011-02-01,9.0,19.31,542.0,98.59994,1.68,4014.9,221.898,0.16,131056.0,10540.6,3.58,2.87,3.48,223.213,517.0,187.4,0.29,12776.6,93.0045,221.898,,94.5521,,0.0
2011-03-01,9.0,19.3,583.0,98.35714,1.68,4020.2,223.046,0.14,131282.0,10619.7,3.41,2.75,3.41,223.454,600.0,188.8,0.26,12742.7,93.9684,223.046,,95.1905,,0.0
2011-04-01,9.1,19.36,581.0,98.29892,1.67,4029.8,224.093,0.1,131597.0,10652.1,3.46,2.66,3.46,223.727,554.0,190.5,0.25,12721.3,93.6571,224.093,,94.6415,,0.0
2011-05-01,9.0,19.41,618.0,98.28327,,4049.1,224.806,0.09,131704.0,10672.2,3.17,,,224.175,561.0,191.5,0.19,12705.3,93.7723,224.806,,94.6336,,0.0
2011-06-01,9.1,19.41,636.0,97.97703,1.92,4082.1,224.806,0.09,131931.0,10694.8,3.0,2.52,2.96,224.697,608.0,190.8,0.18,12756.9,94.0493,224.806,,94.7651,,0.0
2011-07-01,9.0,19.48,621.0,97.40202,1.94,4143.3,225.395,0.07,131993.0,10731.6,3.0,2.72,3.22,225.218,623.0,191.6,0.19,12805.6,94.4958,225.395,,95.2968,,0.0
2011-08-01,9.0,19.47,647.0,96.91122,1.82,4212.7,226.106,0.1,132125.0,10750.3,2.3,2.39,2.77,225.862,585.0,191.1,0.11,12799.7,95.0974,226.106,,95.7347,9408.9,0.0
2011-09-01,9.0,19.49,610.0,96.84425999999999,2.18,4212.5,226.597,0.08,132344.0,10783.2,1.98,1.96,2.15,226.118,650.0,192.8,0.1,12781.7,95.0244,226.597,,95.9916,,0.0
2011-10-01,8.8,19.56,671.0,97.07516,,4224.1,226.75,0.07,132553.0,10802.9,2.15,,,226.506,610.0,192.4,0.11,12791.9,95.6891,226.75,415500.0,96.525,,0.0
2011-11-01,8.6,19.56,706.0,97.51543000000001,1.72,4239.0,227.169,0.08,132690.0,10806.8,2.01,1.78,2.01,226.899,711.0,192.9,0.11,12782.7,95.6778,227.169,,96.3246,,0.0
2011-12-01,8.5,19.57,697.0,98.06004,1.99,4259.0,227.223,0.07,132888.0,10817.8,1.98,1.84,2.11,227.405,694.0,192.7,0.12,12898.5,96.1809,227.223,,96.9673,,0.0
2012-01-01,8.3,19.59,712.0,98.52431999999999,,4279.5,227.842,0.08,133245.0,10896.8,1.97,,,227.877,723.0,193.4,0.12,12967.5,96.7595,227.842,,97.8623,,0.0
2012-02-01,8.3,19.58,738.0,98.78316,1.93,4293.0,228.329,0.1,133508.0,10987.2,1.97,1.64,1.87,228.034,704.0,193.9,0.16,13029.6,97.0662,228.329,,98.2798,,0.0
2012-03-01,8.2,19.64,806.0,98.9079,1.84,4303.3,228.807,0.13,133748.0,10993.9,2.17,1.73,2.03,228.478,695.0,194.1,0.19,13066.4,96.5609,228.807,,97.7678,,0.0
2012-04-01,8.2,19.67,732.0,98.94286,,4319.5,229.187,0.14,133825.0,11018.5,2.05,,,228.905,753.0,194.0,0.18,13116.5,97.251,229.187,,98.2858,,0.0
2012-05-01,8.2,19.68,796.0,98.8867,2.02,4347.4,228.713,0.16,133933.0,11006.8,1.8,1.71,1.98,229.224,708.0,192.9,0.19,13112.5,97.4595,228.713,,98.0067,,0.0
2012-06-01,8.2,19.71,794.0,98.68109,2.07,4381.6,228.524,0.16,134012.0,10989.8,1.62,1.22,1.47,229.623,757.0,192.1,0.19,13097.2,97.4768,228.524,,98.3717,,0.0
2012-07-01,8.2,19.75,849.0,98.60864000000001,,4403.4,228.59,0.16,134157.0,11016.8,1.53,,,229.97,740.0,192.4,0.19,12999.8,97.6714,228.59,,98.1887,,0.0
2012-08-01,8.1,19.74,840.0,98.77948,1.76,4408.7,229.918,0.13,134338.0,11056.0,1.68,1.32,1.56,230.233,754.0,194.7,0.18,12961.6,97.2734,229.918,,98.072,,0.0
2012-09-01,7.8,19.79,930.0,99.09756999999999,,4422.5,231.015,0.14,134517.0,11105.3,1.72,,,230.659,847.0,196.5,0.18,13053.1,97.2217,231.015,373250.0,97.8986,,0.0
2012-10-01,7.8,19.79,887.0,99.32568,1.77,4439.2,231.638,0.16,134668.0,11137.4,1.75,1.39,1.64,231.024,915.0,196.7,0.18,13142.0,97.5311,231.638,,97.727,10211.5,0.0
2012-11-01,7.7,19.85,917.0,99.23881,1.7,4476.5,231.249,0.16,134825.0,11178.4,1.65,1.45,1.75,231.33,833.0,195.7,0.18,13315.7,97.9084,231.249,,98.322,,0.0
2012-12-01,7.9,19.91,941.0,98.90295,,4530.0,231.221,0.16,135074.0,11181.2,1.72,,,231.725,976.0,195.3,0.16,13642.7,98.1884,231.221,403750.0,99.0788,,0.0
2013-01-01,8.0,19.94,940.0,98.77381,,4531.1,231.679,0.14,135257.0,11252.4,1.91,,,232.229,888.0,196.4,0.15,12845.5,98.1736,231.679,,98.8291,,0.0
2013-02-01,7.7,19.99,980.0,98.8774,1.89,4514.8,232.937,0.15,135545.0,11290.5,1.98,1.77,2.04,232.569,962.0,197.6,0.16,12813.9,98.6434,232.937,,99.2924,,0.0
2013-03-01,7.5,20.01,936.0,99.04517,1.97,4551.8,232.282,0.14,135689.0,11290.1,1.96,1.61,1.86,232.794,1010.0,196.5,0.15,12852.1,99.047,232.282,,99.23,,0.0
2013-04-01,7.6,20.04,1012.0,99.25853000000001,2.03,4573.1,231.797,0.15,135873.0,11281.1,1.76,1.63,1.86,232.832,835.0,195.3,0.12,12893.4,98.9445,231.797,,98.9011,10734.7,0.0
2013-05-01,7.5,20.04,1003.0,99.59885,1.99,4586.0,231.893,0.11,136095.0,11321.6,1.93,1.46,1.66,232.996,930.0,196.1,0.12,12954.2,99.0383,231.893,,99.198,,0.0
2013-06-01,7.5,20.13,942.0,99.7748,,4599.9,232.445,0.09,136279.0,11344.4,2.3,,,233.35,839.0,196.2,0.14,12955.7,99.2221,232.445,350500.0,99.4291,,0.0
2013-07-01,7.3,20.14,997.0,99.73689,1.8,4607.8,232.9,0.09,136391.0,11372.6,2.58,2.16,2.5,233.88,880.0,196.0,0.12,12941.8,98.8987,232.9,,98.5558,10683.9,0.0
2013-08-01,7.2,20.17,964.0,99.45435,1.77,4621.7,233.456,0.08,136646.0,11406.6,2.74,2.39,2.74,234.336,917.0,197.0,0.13,12969.6,99.4897,233.456,,99.4032,,0.0
2013-09-01,7.2,20.23,1004.0,99.07096999999999,,4645.8,233.544,0.08,136821.0,11445.9,2.81,,,234.7,850.0,196.5,0.12,13027.5,100.021,233.544,,99.4641,,0.0
2013-10-01,7.2,20.25,1044.0,98.83395,1.93,4696.5,233.669,0.09,137041.0,11498.0,2.62,2.33,2.66,234.921,925.0,196.9,0.12,12974.6,99.9037,233.669,,99.6389,,0.0
2013-11-01,6.9,20.31,1029.0,98.93504,1.89,4691.5,234.1,0.08,137316.0,11562.5,2.72,2.32,2.65,235.359,1100.0,197.5,0.12,12998.9,100.1582,234.1,,99.6647,,0.0
2013-12-01,6.7,20.34,1005.0,99.24061,,4706.8,234.719,0.09,137373.0,11593.2,2.9,,,235.759,1002.0,198.3,0.13,13019.1,100.374,234.719,,99.494,,0.0
2014-01-01,6.6,20.39,976.0,99.41454,,4725.1,235.288,0.07,137561.0,11578.8,2.86,,,235.961,888.0,199.8,0.12,13079.5,99.9899,235.288,,98.3918,,0.0
2014-02-01,6.7,20.51,1039.0,99.48507,,4747.8,235.547,0.07,137712.0,11636.9,2.71,,,236.185,944.0,200.2,0.12,13148.0,100.7471,235.547,329000.0,99.3286,,0.0
2014-03-01,6.7,20.5,1067.0,99.51751999999999,,4753.3,236.028,0.08,137985.0,11722.3,2.72,,,236.625,970.0,200.8,0.13,13219.9,101.7435,236.028,332250.0,100.2242,,0.0
2014-04-01,6.2,20.52,1090.0,99.59100000000001,1.53,4763.4,236.468,0.09,138297.0,11762.3,2.71,2.33,2.77,237.072,1043.0,201.7,0.11,13270.2,101.8273,236.468,,100.2122,,0.0
2014-05-01,6.3,20.53,1018.0,99.5773,1.53,4781.6,236.918,0.09,138512.0,11807.3,2.56,2.22,2.63,237.529,1007.0,201.0,0.1,13312.9,102.2392,236.918,,100.5068,,0.0
2014-06-01,6.1,20.6,1010.0,99.55072,,4798.6,237.231,0.1,138849.0,11861.7,2.6,,,237.837,911.0,201.5,0.1,13360.4,102.5774,237.231,,100.8203,,0.0
2014-07-01,6.2,20.61,1076.0,99.54248,1.64,4816.2,237.498,0.09,139073.0,11904.4,2.54,2.11,2.58,238.195,1085.0,201.5,0.11,13386.8,102.7954,237.498,,101.2857,,0.0
2014-08-01,6.1,20.66,1047.0,99.63799,1.66,4827.1,237.46,0.09,139269.0,11983.7,2.42,2.05,2.52,238.405,984.0,201.4,0.11,13445.9,102.6322,237.46,,100.7341,,0.0
2014-09-01,5.9,20.66,1077.0,99.84365,,4844.1,237.477,0.09,139563.0,11991.4,2.53,,,238.786,1023.0,200.8,0.11,13486.3,102.9417,237.477,,100.7977,11442.4,0.0
2014-10-01,5.7,20.7,1094.0,100.1328,1.53,4876.2,237.43,0.09,139797.0,12064.7,2.3,1.89,2.42,239.191,1074.0,200.2,0.1,13550.7,102.9611,237.43,,100.7226,,0.0
2014-11-01,5.8,20.77,1059.0,100.4875,,4902.5,236.983,0.09,140090.0,12083.9,2.33,,,239.458,1001.0,199.5,0.13,13624.4,103.5978,236.983,285500.0,101.4292,,0.0
2014-12-01,5.6,20.71,1072.0,100.8809,1.64,4953.1,236.252,0.12,140364.0,12096.1,2.21,1.73,2.22,239.584,1073.0,196.8,0.21,13719.1,103.6151,236.252,,101.2601,11668.9,0.0
2015-01-01,5.7,20.8,1049.0,101.1459,,5021.9,234.747,0.11,140568.0,12066.7,1.88,,,239.811,1085.0,193.3,0.2,13797.7,102.7923,234.747,,100.6598,,0.0
2015-02-01,5.5,20.84,1127.0,101.1482,,5058.9,235.342,0.11,140827.0,12116.6,1.98,,,240.172,886.0,193.5,0.22,13848.0,102.1366,235.342,,99.9051,,0.0
2015-03-01,5.4,20.91,1072.0,101.0514,,5044.5,235.976,0.11,140923.0,12176.1,2.04,,,240.755,960.0,194.2,0.25,13811.3,101.7869,235.976,,100.2242,,0.0
2015-04-01,5.4,20.92,1166.0,100.9965,1.58,5053.6,236.222,0.12,141196.0,12209.1,1.94,1.32,1.87,241.346,1190.0,192.9,0.23,13842.0,101.2255,236.222,,100.2004,,0.0
2015-05-01,5.6,20.98,1272.0,100.9159,1.7,5048.5,237.001,0.12,141538.0,12275.4,2.2,1.52,2.12,241.688,1079.0,195.1,0.24,13865.6,100.7675,237.001,,100.2124,,0.0
2015-06-01,5.3,21.0,1379.0,100.93,1.86,5051.7,237.657,0.13,141709.0,12307.9,2.36,1.55,2.19,242.064,1205.0,196.2,0.28,13874.1,100.4588,237.657,,99.8246,11941.8,0.0
2015-07-01,5.2,21.03,1140.0,100.815,1.83,5062.0,238.034,0.13,141991.0,12364.9,2.32,1.74,2.43,242.565,1146.0,196.0,0.3,13905.7,101.0893,238.034,,100.5337,,0.0
2015-08-01,5.1,21.11,1165.0,100.625,,5080.7,238.033,0.14,142125.0,12396.2,2.17,,,242.817,1130.0,195.3,0.38,13935.8,100.9165,238.033,272250.0,100.2452,,0.0
2015-09-01,5.0,21.09,1144.0,100.4538,1.98,5117.9,237.498,0.14,142275.0,12386.4,2.17,1.47,2.17,243.316,1224.0,192.9,0.37,13972.2,100.633,237.498,,100.015,,0.0
2015-10-01,5.0,21.19,1160.0,100.4831,1.93,5134.4,237.733,0.12,142579.0,12394.9,2.07,1.41,2.05,243.768,1058.0,192.4,0.26,13996.9,100.1563,237.733,,99.861,,0.0
2015-11-01,5.1,21.21,1244.0,100.5999,,5166.6,238.017,0.12,142808.0,12423.2,2.26,,,244.241,1172.0,192.6,0.48,13993.4,99.4366,238.017,,99.6074,,0.0
2015-12-01,5.0,21.23,1211.0,100.6973,1.77,5202.2,237.761,0.24,143077.0,12452.0,2.24,1.24,2.15,244.547,1146.0,191.3,0.65,14060.2,98.9471,237.761,,99.3454,,0.0
2016-01-01,4.8,21.31,1171.0,100.7104,,5262.3,237.652,0.34,143210.0,12478.0,2.09,,,244.955,1092.0,190.8,0.54,14121.1,99.4391,237.652,,99.7457,,0.0
2016-02-01,4.9,21.33,1172.0,100.67299999999999,2.11,5299.7,237.336,0.38,143407.0,12554.5,1.78,1.16,1.97,245.51,1225.0,189.4,0.53,14135.3,98.9232,237.336,,99.4054,12466.0,0.0
2016-03-01,5.0,21.39,1118.0,100.633,2.08,5304.5,238.08,0.36,143662.0,12537.0,1.89,0.98,1.83,245.913,1111.0,189.8,0.66,14135.4,98.1635,238.08,,99.3351,,0.0
2016-04-01,5.1,21.46,1160.0,100.6551,1.93,5317.3,238.992,0.37,143855.0,12611.5,1.81,1.03,1.79,246.551,1163.0,190.4,0.56,14106.2,98.4775,238.992,,99.1995,,0.0
2016-05-01,4.8,21.47,1205.0,100.7778,,5332.8,239.557,0.37,143900.0,12652.7,1.81,,,247.137,1148.0,191.1,0.59,14095.5,98.2549,239.557,,99.1249,,0.0
2016-06-01,4.9,21.52,1208.0,100.7557,1.78,5343.1,240.222,0.38,144146.0,12731.2,1.64,0.94,1.85,247.54,1203.0,192.4,0.55,14104.9,98.7315,240.222,,99.3916,,0.0
2016-07-01,4.8,21.58,1198.0,100.6087,1.88,5368.4,240.101,0.39,144520.0,12756.7,1.5,0.87,1.46,247.829,1239.0,192.4,0.51,14160.1,98.8452,240.101,,99.4263,,0.0
2016-08-01,4.9,21.6,1201.0,100.5024,1.81,5393.5,240.545,0.4,144662.0,12788.1,1.56,0.84,1.51,248.423,1171.0,191.8,0.57,14176.7,98.7427,240.545,,99.0728,12898.6,0.0
2016-09-01,5.0,21.62,1303.0,100.4832,1.67,5404.4,241.176,0.4,144967.0,12846.6,1.63,0.79,1.57,248.842,1068.0,192.6,0.59,14209.1,98.6552,241.176,,99.2908,,0.0
2016-10-01,4.9,21.71,1254.0,100.5603,,5422.1,241.741,0.4,145066.0,12867.0,1.76,,,249.142,1313.0,193.7,0.66,14235.4,98.7237,241.741,248500.0,99.4335,,0.0
2016-11-01,4.7,21.72,1230.0,100.8904,1.77,5446.1,242.026,0.41,145183.0,12893.0,2.14,1.0,1.83,249.481,1140.0,193.3,0.74,14273.6,98.3443,242.026,,99.3623,,0.0
2016-12-01,4.7,21.76,1248.0,101.2288,1.63,5451.0,242.637,0.54,145408.0,13005.9,2.49,1.31,2.45,249.92,1252.0,195.0,0.87,14313.7,99.0406,242.637,,99.4132,,0.0
2017-01-01,4.7,21.82,1303.0,101.3774,,5459.7,243.618,0.65,145628.0,13063.7,2.43,,,250.467,1190.0,196.6,0.83,14373.7,98.8158,243.618,,99.6076,,0.0
2017-02-01,4.6,21.84,1234.0,101.365,1.53,5478.3,244.006,0.66,145848.0,13088.4,2.42,1.26,2.48,250.998,1271.0,197.2,0.82,14416.8,98.4356,244.006,,99.5076,,0.0
2017-03-01,4.4,21.88,1272.0,101.3344,1.49,5506.0,243.892,0.79,145969.0,13139.9,2.48,1.17,2.46,250.944,1190.0,197.1,1.01,14476.3,99.0492,243.892,,99.1704,,0.0
2017-04-01,4.4,21.94,1251.0,101.2947,,5522.1,244.193,0.9,146174.0,13169.2,2.3,,,251.227,1146.0,198.1,1.04,14509.3,100.0416,244.193,228750.0,100.3399,,0.0
2017-05-01,4.4,21.97,1208.0,101.2233,1.59,5547.7,244.004,0.91,146380.0,13171.9,2.3,1.05,2.33,251.43,1157.0,196.1,1.12,14610.7,100.128,244.004,,100.147,13453.1,0.0
2017-06-01,4.3,22.02,1353.0,101.1172,1.55,5553.1,244.163,1.04,146583.0,13225.2,2.19,0.93,2.21,251.746,1249.0,196.2,1.2,14618.7,100.337,244.163,,100.1764,,0.0
2017-07-01,4.3,22.07,1256.0,101.0761,,5574.5,244.243,1.15,146772.0,13263.3,2.32,,,251.985,1206.0,196.3,1.22,14660.2,100.0865,244.243,249250.0,99.7881,,0.0
2017-08-01,4.4,22.1,1319.0,101.1728,1.38,5577.3,245.183,1.16,146919.0,13294.6,2.21,0.92,2.26,252.535,1159.0,197.4,1.23,14678.3,99.6323,245.183,,99.5608,,0.0
2017-09-01,4.3,22.18,1273.0,101.2939,1.48,5568.6,246.435,1.15,147007.0,13417.3,2.2,0.81,2.16,252.812,1181.0,199.0,1.28,14706.0,99.7482,246.435,,99.6241,,0.0
2017-10-01,4.2,22.18,1356.0,101.4439,,5588.3,246.626,1.15,147150.0,13447.5,2.36,,,253.526,1257.0,199.6,1.4,14748.6,100.9893,246.626,,100.6954,,0.0
2017-11-01,4.2,22.23,1299.0,101.4238,1.19,5586.7,247.284,1.16,147373.0,13540.6,2.35,0.76,2.37,253.816,1273.0,201.3,1.56,14771.1,101.2493,247.284,,100.7956,,0.0
2017-12-01,4.1,22.3,1311.0,101.34100000000001,1.15,5598.7,247.805,1.3,147523.0,13666.1,2.4,0.59,2.37,254.344,1177.0,201.8,1.7,14797.9,101.4871,247.805,,100.587,,0.0
2018-01-01,4.0,22.36,1317.0,101.3704,,5578.7,248.859,1.41,147660.0,13703.3,2.58,,,255.204,1299.0,202.2,1.8,14886.6,101.4852,248.859,,100.2477,13970.0,0.0
2018-02-01,4.1,22.41,1321.0,101.5302,0.84,5578.2,249.529,1.42,148054.0,13738.7,2.86,0.62,2.78,255.711,1277.0,202.8,1.96,14921.1,101.7319,249.529,,101.1191,,0.0
2018-03-01,4.0,22.49,1385.0,101.6295,1.01,5599.9,249.577,1.51,148280.0,13793.2,2.84,0.59,2.81,256.271,1318.0,202.8,2.06,14974.8,102.1943,249.577,,101.0662,,0.0
2018-04-01,4.0,22.55,1378.0,101.5796,,5592.5,250.227,1.69,148422.0,13838.4,2.87,,,256.63,1276.0,202.8,2.15,15007.2,103.3551,250.227,,101.8102,,0.0
2018-05-01,3.8,22.6,1338.0,101.4953,1.02,5602.1,250.792,1.7,148740.0,13905.0,2.98,0.47,2.97,257.145,1357.0,203.8,2.27,15057.8,102.381,250.792,,100.9597,,0.0
2018-06-01,4.0,22.66,1345.0,101.4384,1.03,5621.1,251.018,1.82,148959.0,13930.4,2.91,0.42,2.89,257.399,1192.0,204.0,2.33,15119.3,103.2256,251.018,,101.7171,,0.0
2018-07-01,3.8,22.7,1334.0,101.4075,,5630.3,251.214,1.91,149020.0,13974.8,2.89,,,257.699,1208.0,204.4,2.39,15184.7,103.3561,251.214,,101.7427,,0.0
2018-08-01,3.8,22.78,1273.0,101.4186,0.94,5640.0,251.663,1.91,149279.0,14014.0,2.89,0.33,3.0,257.891,1288.0,204.6,2.45,15238.6,104.0585,251.663,,101.9949,,0.0
2018-09-01,3.7,22.86,1314.0,101.5003,,5642.5,252.182,1.95,149358.0,14017.8,3.0,,,258.368,1250.0,205.3,2.56,15237.5,104.1038,252.182,206250.0,102.0195,,0.0
2018-10-01,3.8,22.89,1272.0,101.4828,0.93,5634.1,252.772,2.19,149526.0,14083.1,3.15,0.27,3.09,258.917,1221.0,206.9,2.65,15274.1,103.9297,252.772,,101.551,14215.5,0.0
2018-11-01,3.8,23.0,1340.0,101.3758,1.14,5645.7,252.594,2.2,149617.0,14162.9,3.12,0.3,3.14,259.439,1181.0,205.2,2.7,15315.2,104.0126,252.594,,101.2909,,0.0
2018-12-01,3.9,23.11,1317.0,101.2088,,5690.1,252.767,2.27,149809.0,14051.6,2.83,,,260.063,1095.0,204.4,2.66,15506.5,104.0451,252.767,228750.0,101.6681,,0.0
2019-01-01,4.0,23.13,1261.0,101.0089,,5719.8,252.561,2.4,150059.0,14084.6,2.71,,,260.766,1226.0,202.5,2.58,15536.3,103.3598,252.561,,100.7387,,0.0
2019-02-01,3.8,23.19,1287.0,101.0619,1.11,5716.6,253.319,2.4,150065.0,14117.4,2.68,0.18,2.7,261.186,1121.0,203.5,2.55,15560.4,102.8251,253.319,,100.1944,,0.0
2019-03-01,3.8,23.29,1305.0,101.2753,1.14,5712.7,254.277,2.41,150295.0,14248.6,2.57,0.21,2.76,261.567,1191.0,205.1,2.49,15566.5,102.8361,254.277,,99.9879,,0.0
2019-04-01,3.7,23.33,1311.0,101.4318,1.19,5702.4,255.233,2.42,150593.0,14290.0,2.53,0.16,2.49,261.997,1272.0,206.8,2.42,15534.2,102.2748,255.233,,99.3169,14670.3,0.0
2019-05-01,3.6,23.4,1347.0,101.5178,1.16,5739.4,255.296,2.39,150621.0,14353.3,2.4,0.21,2.52,262.217,1293.0,206.4,2.34,15532.4,102.4176,255.296,,99.3884,,0.0
2019-06-01,3.6,23.48,1315.0,101.426,,5787.9,255.213,2.38,150839.0,14408.7,2.07,,,262.739,1243.0,205.4,2.0,15562.1,102.5425,255.213,218000.0,99.818,,0.0
2019-07-01,3.7,23.53,1352.0,101.1991,1.24,5806.6,255.802,2.4,150936.0,14496.0,2.06,0.25,2.03,263.28,1240.0,206.0,1.96,15581.4,102.0057,255.802,,99.0943,14795.4,0.0
2019-08-01,3.6,23.61,1489.0,100.9093,1.29,5833.0,256.036,2.13,151171.0,14558.2,1.63,0.17,1.9,263.877,1375.0,205.4,1.77,15664.3,102.7814,256.036,,99.8016,,0.0
2019-09-01,3.5,23.68,1474.0,100.9092,,5861.8,256.43,2.04,151365.0,14590.6,1.7,,,264.388,1311.0,205.4,1.8,15697.5,102.4601,256.43,,99.0494,,0.0
2019-10-01,3.6,23.75,1525.0,101.1078,1.32,5898.1,257.155,1.83,151460.0,14617.4,1.71,0.09,1.65,264.97,1325.0,206.7,1.61,15718.1,101.5878,257.155,,98.1959,,0.0
2019-11-01,3.6,23.83,1527.0,101.3707,1.29,5924.1,257.879,1.55,151668.0,14711.0,1.81,0.17,1.73,265.548,1353.0,207.3,1.57,15766.9,102.1494,257.879,,99.0889,,0.0
2019-12-01,3.6,23.84,1451.0,101.5937,,5934.3,258.63,1.55,151795.0,14774.8,1.86,,,266.02,1548.0,208.5,1.55,15683.8,101.9421,258.63,,99.1762,,0.0
2020-01-01,3.6,23.91,1507.0,101.5921,,5949.5,259.127,1.55,152031.0,14844.3,1.76,,,266.716,1578.0,208.0,1.53,15857.3,101.3372,259.127,,98.8309,,0.0
2020-02-01,3.5,24.03,1442.0,101.1732,,5966.1,259.25,1.58,152292.0,14833.8,1.5,,,267.37,1537.0,206.4,1.41,15916.8,101.6718,259.25,211250.0,99.0603,,0.0
2020-03-01,4.4,24.13,1358.0,100.1966,,6197.3,258.076,0.65,150895.0,13810.5,0.87,,,267.054,1252.0,201.8,0.33,15704.9,97.606,258.076,,94.5462,,1.0
2020-04-01,14.8,25.14,1066.0,99.13439,2.14,6642.1,256.032,0.05,130424.0,12234.4,0.66,0.39,0.62,265.746,931.0,196.2,0.18,18030.2,84.6812,256.032,,79.9564,,1.0
2020-05-01,13.2,24.98,1260.0,98.6451,1.78,6979.4,255.802,0.05,133040.0,13251.7,0.67,0.44,0.64,265.412,1053.0,200.3,0.16,17114.4,86.0108,255.802,,83.5072,,0.0
2020-06-01,11.0,24.78,1338.0,98.59637,1.79,7057.6,257.042,0.08,137671.0,14040.8,0.73,0.52,0.66,265.849,1254.0,201.0,0.18,17047.5,91.6745,257.042,,90.0799,17928.9,0.0
2020-07-01,10.2,24.69,1546.0,98.6133,1.71,7082.6,258.352,0.09,139255.0,14303.8,0.62,0.52,0.69,267.389,1523.0,202.1,0.15,17195.8,95.0037,258.352,,93.2606,,0.0
2020-08-01,8.4,24.8,1529.0,98.81078000000001,,7081.8,259.316,0.1,140819.0,14454.9,0.65,,,268.422,1401.0,202.4,0.13,16524.8,95.9294,259.316,1291250.0,94.5815,,0.0
2020-09-01,7.8,24.82,1624.0,99.11648000000001,1.66,7152.6,259.997,0.09,141770.0,14675.4,0.68,0.55,0.68,268.933,1463.0,203.2,0.13,16616.5,95.8914,259.997,,94.5228,,0.0
2020-10-01,6.9,24.84,1613.0,99.26201,1.65,7203.2,260.319,0.09,142461.0,14726.0,0.79,0.54,0.68,269.306,1543.0,203.9,0.13,16552.9,96.5256,260.319,,95.3386,,0.0
2020-11-01,6.7,24.95,1714.0,99.21984,,7274.2,260.911,0.09,142731.0,14704.9,0.87,,,269.981,1553.0,204.3,0.12,16350.6,96.9529,260.911,,95.9419,,0.0
2020-12-01,6.7,25.17,1744.0,99.22284,1.31,7301.5,262.045,0.09,142548.0,14827.3,0.93,0.75,0.92,270.341,1635.0,206.6,0.1,16391.2,98.2039,262.045,,96.6674,,0.0
2021-01-01,6.4,25.17,1883.0,99.2288,,7371.2,262.639,0.09,142913.0,15081.5,1.08,,,270.416,1639.0,208.9,0.1,18146.5,98.8135,262.639,,97.6118,,0.0
2021-02-01,6.2,25.26,1715.0,99.36539,1.44,7435.0,263.573,0.08,143422.0,14984.4,1.26,0.98,1.09,270.776,1407.0,211.5,0.07,16633.9,95.5072,263.573,,93.5661,19382.8,0.0
2021-03-01,6.1,25.35,1732.0,99.72381999999999,1.4,7484.8,264.847,0.07,144246.0,15712.4,1.61,1.32,1.45,271.453,1668.0,213.5,0.08,20445.8,98.1929,264.847,,96.5339,19621.1,0.0
2021-04-01,6.1,25.51,1738.0,99.96289,1.22,7561.4,266.625,0.07,144611.0,15915.0,1.64,1.52,1.69,273.626,1492.0,214.6,0.06,17335.4,98.3317,266.625,,96.603,,0.0
2021-05-01,5.8,25.68,1681.0,99.90543000000001,,7610.5,268.404,0.06,145032.0,15950.5,1.62,,,275.457,1607.0,216.9,0.05,16836.3,99.1867,268.404,557000.0,97.7028,,0.0
2021-06-01,5.9,25.81,1657.0,99.70004,1.31,7563.3,270.71,0.08,145828.0,16183.6,1.52,1.46,1.62,277.608,1638.0,219.9,0.07,16757.8,99.6483,270.71,,97.798,,0.0
2021-07-01,5.4,25.96,1652.0,99.24198,1.16,7585.1,271.965,0.1,146759.0,16223.5,1.32,1.23,1.48,278.639,1600.0,221.345,0.08,16867.8,100.0668,271.965,,98.6215,,0.0
2021-08-01,5.1,26.11,1770.0,98.68500999999999,,7630.0,272.752,0.09,147246.0,16390.6,1.28,,,279.021,1595.0,223.487,0.07,16832.4,100.0412,272.752,,98.2652,,0.0
2021-09-01,4.7,26.3,1625.0,98.3926,1.23,7658.0,273.942,0.08,147712.0,16477.5,1.37,1.11,1.31,279.727,1563.0,227.46,0.08,16641.8,98.9955,273.942,,97.3096,,0.0
2021-10-01,4.5,26.46,1719.0,98.20995,1.17,7645.8,276.528,0.08,148569.0,16694.0,1.58,1.21,1.48,281.649,1587.0,230.099,0.11,16648.1,100.3542,276.528,,98.7064,,0.0
2021-11-01,4.2,26.56,1766.0,98.05109,1.03,7645.2,278.824,0.08,149206.0,16849.0,1.56,1.08,1.58,283.411,1704.0,232.24,0.18,16598.3,101.2684,278.824,,99.6303,21180.9,0.0
2021-12-01,3.9,26.76,1913.0,97.95181,1.16,7646.2,280.806,0.08,149781.0,16905.5,1.47,0.87,1.43,285.221,1757.0,233.445,0.3,16525.4,101.1948,280.806,,99.7196,,0.0
2022-01-01,4.0,26.91,1915.0,97.72173000000001,,7639.9,282.542,0.08,150006.0,17017.8,1.76,,,286.799,1712.0,236.351,0.55,16143.2,101.2146,282.542,221250.0,99.0901,,0.0
2022-02-01,3.8,26.98,1860.0,97.42071999999999,1.27,7621.2,284.525,0.08,150875.0,17136.1,1.93,0.63,1.81,288.256,1742.0,240.708,1.0,16143.0,101.8458,284.525,,99.9974,,0.0
2022-03-01,3.7,27.12,1879.0,97.18818,1.48,7555.9,287.467,0.2,151346.0,17371.4,2.13,0.41,1.72,289.044,1678.0,245.668,1.34,16065.5,102.6732,287.467,,100.925,,0.0
2022-04-01,3.7,27.28,1835.0,97.02539,0.93,7536.7,288.582,0.33,151651.0,17493.8,2.75,-0.05,2.39,290.474,1828.0,247.488,1.89,16063.7,102.9024,288.582,,100.9186,,0.0
2022-05-01,3.6,27.4,1712.0,96.62722,,7445.9,291.299,0.77,151892.0,17569.9,2.9,,,292.039,1540.0,252.841,2.06,16049.1,102.9659,291.299,,100.7136,,0.0
2022-06-01,3.6,27.53,1745.0,96.22865,1.08,7334.7,295.072,1.21,152353.0,17747.6,3.14,0.28,2.94,294.009,1542.0,259.697,2.65,16015.9,102.8224,295.072,,100.3815,,0.0
2022-07-01,3.5,27.66,1719.0,96.20132,1.38,7337.7,294.94,1.68,153049.0,17744.0,2.9,0.04,2.88,295.08,1392.0,254.779,3.02,16219.1,103.0505,294.94,,100.5031,,0.0
2022-08-01,3.6,27.74,1542.0,96.46188000000001,1.2,7320.3,295.162,2.33,153286.0,17897.5,2.9,-0.3,2.6,296.582,1520.0,251.769,3.28,16314.4,103.1703,295.162,,100.744,21591.1,0.0
2022-09-01,3.5,27.85,1613.0,96.67612,1.15,7260.1,296.421,2.56,153513.0,17987.2,3.52,-0.25,3.26,298.281,1470.0,253.844,3.89,16372.3,103.5326,296.421,,100.9433,,0.0
2022-10-01,3.6,28.0,1560.0,96.78831,,7190.0,297.979,3.08,153913.0,18096.2,3.98,,,299.381,1440.0,255.827,4.43,16424.3,103.4442,297.979,197750.0,101.0181,,0.0
2022-11-01,3.6,28.12,1402.0,96.854,1.02,7150.1,298.708,3.78,154210.0,18094.0,3.89,-0.47,4.07,300.316,1420.0,256.367,4.73,16436.5,103.1058,298.708,,100.3051,,0.0
2022-12-01,3.5,28.23,1400.0,97.06936999999999,0.9,7101.3,298.808,4.1,154336.0,18134.6,3.62,-0.72,3.53,301.433,1340.0,253.862,4.68,16497.5,101.8266,298.808,,98.441,,0.0
2023-01-01,3.5,28.31,1443.0,97.35186,,7057.6,300.456,4.33,154780.0,18475.2,3.53,,,302.685,1361.0,257.553,4.69,16808.5,102.7476,300.456,,100.2508,,0.0
2023-02-01,3.6,28.43,1620.0,97.46672,0.9,7027.0,301.476,4.57,155086.0,18532.1,3.75,-0.7,3.39,304.097,1404.0,255.526,4.93,16879.1,102.8003,301.476,,100.2323,,0.0
2023-03-01,3.5,28.59,1493.0,97.35741999999999,0.77,6920.9,301.643,4.65,155171.0,18511.3,3.66,-0.88,4.01,305.123,1342.0,253.123,4.68,16968.0,102.8143,301.643,,99.6408,,0.0
2023-04-01,3.4,28.69,1470.0,97.26666999999999,,6844.8,302.858,4.83,155387.0,18638.7,3.46,,,306.49,1368.0,253.733,4.68,16983.3,103.2241,302.858,225750.0,100.3856,,0.0
2023-05-01,3.6,28.78,1532.0,97.26799999999999,1.02,6858.0,303.316,5.06,155614.0,18676.4,3.57,-0.55,3.59,307.623,1583.0,251.158,4.91,17041.9,102.9809,303.316,,100.2887,20622.3,0.0
2023-06-01,3.6,28.89,1493.0,97.55695,1.03,6834.2,304.099,5.08,155871.0,18742.1,3.75,-0.72,3.61,308.291,1415.0,252.115,5.24,17050.3,102.3809,304.099,,99.6499,,0.0
2023-07-01,3.5,29.02,1501.0,97.89565999999999,,6819.2,304.615,5.12,156019.0,18850.5,3.9,,,308.959,1473.0,252.45,5.37,17061.6,103.0722,304.615,250500.0,99.9367,,0.0
2023-08-01,3.7,29.06,1578.0,97.93700000000001,0.71,6777.0,306.138,5.33,156176.0,18911.6,4.17,-0.87,4.05,309.646,1305.0,256.62,5.37,17085.8,103.0951,306.138,,99.9923,,0.0
2023-09-01,3.8,29.16,1515.0,97.7463,0.76,6741.0,307.374,5.33,156334.0,19024.9,4.38,-0.69,4.18,310.616,1363.0,259.748,5.44,17101.1,103.3081,307.374,,100.1002,,0.0
2023-10-01,3.9,29.27,1534.0,97.51254,,6724.2,307.653,5.33,156520.0,19069.5,4.8,,,311.433,1365.0,255.133,5.42,17152.8,102.5781,307.653,,99.3166,,0.0
2023-11-01,3.7,29.38,1508.0,97.56221,0.9,6717.8,308.087,5.33,156661.0,19151.0,4.5,-0.18,4.77,312.373,1510.0,254.583,5.28,17229.4,102.8868,308.087,,99.8694,,0.0
2023-12-01,3.8,29.48,1530.0,98.1097,0.71,6705.2,308.735,5.33,156930.0,19289.9,4.02,-0.34,4.22,313.23,1568.0,254.629,4.96,17267.4,102.6309,308.735,,99.8251,,0.0
2024-01-01,3.7,29.61,1508.0,98.91297,,6705.5,309.794,5.33,157049.0,19308.5,4.06,,,314.389,1376.0,255.156,4.79,17426.2,101.483,309.794,,98.4489,20889.2,0.0
2024-02-01,3.9,29.67,1563.0,,0.88,6707.4,311.022,5.33,157271.0,19412.7,4.21,-0.33,3.87,315.555,1546.0,257.948,4.92,17442.4,102.7267,311.022,,99.8476,,0.0
2024-03-01,3.9,29.8,1485.0,,0.82,6696.9,312.107,5.33,157517.0,19553.2,4.21,-0.35,4.19,316.762,1299.0,257.703,4.99,17486.9,102.5186,312.107,,100.0599,,0.0
2024-04-01,3.9,29.85,1440.0,,0.76,6687.5,313.016,5.33,157635.0,19603.3,4.54,-0.39,4.33,317.596,1377.0,258.438,5.14,17464.9,102.3568,313.016,,99.3696,21194.6,0.0
2024-05-01,4.0,29.97,1399.0,,0.7,6705.4,313.14,5.33,157828.0,19697.3,4.48,-0.33,4.63,318.053,1315.0,256.903,5.16,17511.1,102.9797,313.14,,100.0424,,0.0
2024-06-01,4.1,30.07,1454.0,,,6727.4,313.131,5.33,157915.0,19747.5,4.31,,,318.343,1329.0,256.452,5.11,17515.6,103.2534,313.131,222000.0,99.9935,,0.0
2024-07-01,4.2,30.17,1406.0,,0.84,6728.4,313.566,5.33,158003.0,19866.3,4.25,-0.29,4.48,318.933,1262.0,257.278,4.9,17505.0,102.5192,313.566,,99.3588,20998.9,0.0
2024-08-01,4.2,30.27,1470.0,,0.99,6744.2,314.131,5.33,158074.0,19905.0,3.87,-0.17,3.99,319.839,1379.0,257.656,4.43,17494.6,103.0196,314.131,,99.927,,0.0
2024-09-01,4.1,30.38,1425.0,,,6756.2,314.851,5.13,158314.0,20044.1,3.72,,,320.835,1355.0,257.525,4.03,17519.6,102.5954,314.851,,99.6108,,0.0
2024-10-01,4.1,30.49,1419.0,,0.94,6761.0,315.564,4.83,158358.0,20123.2,4.1,0.13,3.74,321.688,1344.0,257.362,4.2,17568.5,102.2138,315.564,,98.9959,,0.0
2024-11-01,4.2,30.58,1493.0,,0.8,6779.7,316.449,4.64,158619.0,20235.1,4.36,0.16,4.37,322.619,1305.0,259.459,4.33,17592.4,101.9619,316.449,,99.2006,,0.0
2024-12-01,4.1,30.67,1482.0,,,6766.3,317.603,4.48,158942.0,20408.1,4.39,,,323.296,1526.0,261.413,4.23,17605.8,103.1177,317.603,,99.7325,,0.0
